"schema_version","event_id","symbolic_name","family","source_path","function","source_line","source_locator","source_locator_sha256","emission_kind","emitter","helper_chain","wpp_source_path","wpp_function","wpp_line","wpp_locator_sha256","physical_site_id","shared_physical_site","discriminator"
"2","1000","DRIVER_ENTRY_STARTED","driver-entry","src/driver/ChatpadFilter/driver.c","DriverEntry","30","ChatpadTrace(TRACE_LEVEL_INFORMATION, CHATPAD_TRACE_DRIVER_ENTRY, ""EventId=%lu EventName=%s AttemptId=%I64u Sequence=%I64u SchemaVersion=%lu StatusClass=%lu NtStatus=0x%08X Stage=%lu Data0=%lu Data1=%lu"", (ULONG)CHATPAD_RUNTIME_EVENT_DRIVER_ENTRY_STARTED, ChatpadRuntimeTraceEventName(CHATPAD_RUNTIME_EVENT_DRIVER_ENTRY_STARTED), (unsigned long long)0u, (unsigned long long)0u, CHATPAD_RUNTIME_TRACE_SCHEMA_VERSION, (ULONG)CHATPAD_RUNTIME_STATUS_CLASS_SUCCESS, (ULONG)STATUS_SUCCESS, 0u, 0u, 0u)","17D4DA674B502BE9FBF50D12881EF80601B936247D11129E77AF0A341506E484","direct-wpp","ChatpadTrace","ChatpadTrace","src/driver/ChatpadFilter/driver.c","DriverEntry","30","17D4DA674B502BE9FBF50D12881EF80601B936247D11129E77AF0A341506E484","src/driver/ChatpadFilter/driver.c:30:ChatpadTrace","false",""
"2","1001","WDF_DRIVER_CREATE_ATTEMPTED","driver-entry","src/driver/ChatpadFilter/driver.c","DriverEntry","43","ChatpadTrace(TRACE_LEVEL_INFORMATION, CHATPAD_TRACE_DRIVER_ENTRY, ""EventId=%lu EventName=%s AttemptId=%I64u Sequence=%I64u SchemaVersion=%lu StatusClass=%lu NtStatus=0x%08X Stage=%lu Data0=%lu Data1=%lu"", (ULONG)CHATPAD_RUNTIME_EVENT_WDF_DRIVER_CREATE_ATTEMPTED, ChatpadRuntimeTraceEventName(CHATPAD_RUNTIME_EVENT_WDF_DRIVER_CREATE_ATTEMPTED), (unsigned long long)0u, (unsigned long long)0u, CHATPAD_RUNTIME_TRACE_SCHEMA_VERSION, (ULONG)CHATPAD_RUNTIME_STATUS_CLASS_SUCCESS, (ULONG)STATUS_SUCCESS, 0u, 0u, 0u)","5B59E66BF2A1B94F3E73D4FFDE6DD5B59351F4B2D2EA1B4E4E920C69752640CA","direct-wpp","ChatpadTrace","ChatpadTrace","src/driver/ChatpadFilter/driver.c","DriverEntry","43","5B59E66BF2A1B94F3E73D4FFDE6DD5B59351F4B2D2EA1B4E4E920C69752640CA","src/driver/ChatpadFilter/driver.c:43:ChatpadTrace","false",""
"2","1002","WDF_DRIVER_CREATE_FAILED","driver-entry","src/driver/ChatpadFilter/driver.c","DriverEntry","61","ChatpadTrace(TRACE_LEVEL_ERROR, CHATPAD_TRACE_DRIVER_ENTRY, ""EventId=%lu EventName=%s AttemptId=%I64u Sequence=%I64u SchemaVersion=%lu StatusClass=%lu NtStatus=0x%08X Stage=%lu Data0=%lu Data1=%lu"", (ULONG)CHATPAD_RUNTIME_EVENT_WDF_DRIVER_CREATE_FAILED, ChatpadRuntimeTraceEventName(CHATPAD_RUNTIME_EVENT_WDF_DRIVER_CREATE_FAILED), (unsigned long long)0u, (unsigned long long)0u, CHATPAD_RUNTIME_TRACE_SCHEMA_VERSION, (ULONG)ChatpadRuntimeClassifyStatus(status), (ULONG)status, 0u, 0u, 0u)","FE09714D06E9CB2B556C262D635094F9C8EEDE52800832891592EEA597C8B292","direct-wpp","ChatpadTrace","ChatpadTrace","src/driver/ChatpadFilter/driver.c","DriverEntry","61","FE09714D06E9CB2B556C262D635094F9C8EEDE52800832891592EEA597C8B292","src/driver/ChatpadFilter/driver.c:61:ChatpadTrace","false",""
"2","1003","DRIVER_ENTRY_COMPLETED","driver-entry","src/driver/ChatpadFilter/driver.c","DriverEntry","73","ChatpadTrace(TRACE_LEVEL_INFORMATION, CHATPAD_TRACE_DRIVER_ENTRY, ""EventId=%lu EventName=%s AttemptId=%I64u Sequence=%I64u SchemaVersion=%lu StatusClass=%lu NtStatus=0x%08X Stage=%lu Data0=%lu Data1=%lu"", (ULONG)CHATPAD_RUNTIME_EVENT_DRIVER_ENTRY_COMPLETED, ChatpadRuntimeTraceEventName(CHATPAD_RUNTIME_EVENT_DRIVER_ENTRY_COMPLETED), (unsigned long long)0u, (unsigned long long)0u, CHATPAD_RUNTIME_TRACE_SCHEMA_VERSION, (ULONG)ChatpadRuntimeClassifyStatus(status), (ULONG)status, 0u, 0u, 0u)","443FEEC8EA7667626E68DB6B645466892F6B150087417006D75FBB6DE4A4ECDD","direct-wpp","ChatpadTrace","ChatpadTrace","src/driver/ChatpadFilter/driver.c","DriverEntry","73","443FEEC8EA7667626E68DB6B645466892F6B150087417006D75FBB6DE4A4ECDD","src/driver/ChatpadFilter/driver.c:73:ChatpadTrace","false",""
"2","1100","DEVICE_ADD_ENTERED","device-add","src/driver/ChatpadFilter/device.c","ChatpadEvtDeviceAdd","884","ChatpadTrace(TRACE_LEVEL_INFORMATION, CHATPAD_TRACE_DEVICE_ADD, ""EventId=%lu EventName=%s AttemptId=%I64u Sequence=%I64u SchemaVersion=%lu StatusClass=%lu NtStatus=0x%08X Stage=%lu Data0=%lu Data1=%lu"", (ULONG)CHATPAD_RUNTIME_EVENT_DEVICE_ADD_ENTERED, ChatpadRuntimeTraceEventName(CHATPAD_RUNTIME_EVENT_DEVICE_ADD_ENTERED), (unsigned long long)attemptId, (unsigned long long)sequence, CHATPAD_RUNTIME_TRACE_SCHEMA_VERSION, (ULONG)CHATPAD_RUNTIME_STATUS_CLASS_SUCCESS, (ULONG)STATUS_SUCCESS, 0u, 0u, 0u)","6401DF5E736398586E9F4A16A773CB9B9CED67330565F6944ADDD48996005A36","direct-wpp","ChatpadTrace","ChatpadTrace","src/driver/ChatpadFilter/device.c","ChatpadEvtDeviceAdd","884","6401DF5E736398586E9F4A16A773CB9B9CED67330565F6944ADDD48996005A36","src/driver/ChatpadFilter/device.c:884:ChatpadTrace","false",""
"2","1101","DEVICE_CREATE_ATTEMPTED","device-add","src/driver/ChatpadFilter/device.c","ChatpadEvtDeviceAdd","906","ChatpadTrace(TRACE_LEVEL_INFORMATION, CHATPAD_TRACE_DEVICE_ADD, ""EventId=%lu EventName=%s AttemptId=%I64u Sequence=%I64u SchemaVersion=%lu StatusClass=%lu NtStatus=0x%08X Stage=%lu Data0=%lu Data1=%lu"", (ULONG)CHATPAD_RUNTIME_EVENT_DEVICE_CREATE_ATTEMPTED, ChatpadRuntimeTraceEventName(CHATPAD_RUNTIME_EVENT_DEVICE_CREATE_ATTEMPTED), (unsigned long long)attemptId, (unsigned long long)sequence, CHATPAD_RUNTIME_TRACE_SCHEMA_VERSION, (ULONG)CHATPAD_RUNTIME_STATUS_CLASS_SUCCESS, (ULONG)STATUS_SUCCESS, 0u, 0u, 0u)","5FC9A43662820326497E039EB0ABC767783735B3B8A5BE132B86A67671633D4D","direct-wpp","ChatpadTrace","ChatpadTrace","src/driver/ChatpadFilter/device.c","ChatpadEvtDeviceAdd","906","5FC9A43662820326497E039EB0ABC767783735B3B8A5BE132B86A67671633D4D","src/driver/ChatpadFilter/device.c:906:ChatpadTrace","false",""
"2","1102","DEVICE_CREATE_FAILED","device-add","src/driver/ChatpadFilter/device.c","ChatpadEvtDeviceAdd","923","ChatpadTrace(TRACE_LEVEL_ERROR, CHATPAD_TRACE_DEVICE_ADD, ""EventId=%lu EventName=%s AttemptId=%I64u Sequence=%I64u SchemaVersion=%lu StatusClass=%lu NtStatus=0x%08X Stage=%lu Data0=%lu Data1=%lu"", (ULONG)CHATPAD_RUNTIME_EVENT_DEVICE_CREATE_FAILED, ChatpadRuntimeTraceEventName(CHATPAD_RUNTIME_EVENT_DEVICE_CREATE_FAILED), (unsigned long long)attemptId, (unsigned long long)sequence, CHATPAD_RUNTIME_TRACE_SCHEMA_VERSION, (ULONG)ChatpadRuntimeClassifyStatus(status), (ULONG)status, 0u, 0u, 0u)","99228D6A1923B6A00D5584975F279AEE4BAF1ADE5ED21EBF3AB8BF631EFD5A4D","direct-wpp","ChatpadTrace","ChatpadTrace","src/driver/ChatpadFilter/device.c","ChatpadEvtDeviceAdd","923","99228D6A1923B6A00D5584975F279AEE4BAF1ADE5ED21EBF3AB8BF631EFD5A4D","src/driver/ChatpadFilter/device.c:923:ChatpadTrace","false",""
"2","1103","DEVICE_CONTEXT_INITIALIZING","device-add","src/driver/ChatpadFilter/device.c","ChatpadEvtDeviceAdd","941","ChatpadTrace(TRACE_LEVEL_INFORMATION, CHATPAD_TRACE_DEVICE_ADD, ""EventId=%lu EventName=%s AttemptId=%I64u Sequence=%I64u SchemaVersion=%lu StatusClass=%lu NtStatus=0x%08X Stage=%lu Data0=%lu Data1=%lu"", (ULONG)CHATPAD_RUNTIME_EVENT_DEVICE_CONTEXT_INITIALIZING, ChatpadRuntimeTraceEventName(CHATPAD_RUNTIME_EVENT_DEVICE_CONTEXT_INITIALIZING), (unsigned long long)attemptId, (unsigned long long)sequence, CHATPAD_RUNTIME_TRACE_SCHEMA_VERSION, (ULONG)CHATPAD_RUNTIME_STATUS_CLASS_SUCCESS, (ULONG)STATUS_SUCCESS, 0u, CHATPAD_FILTER_DEVICE_CONTEXT_VERSION, CHATPAD_RUNTIME_TRACE_SCHEMA_VERSION)","F8F88DEF2BC8FFD78D8831E1E5DFA93D2B1D859DB498FE1963D4246F8D997F63","direct-wpp","ChatpadTrace","ChatpadTrace","src/driver/ChatpadFilter/device.c","ChatpadEvtDeviceAdd","941","F8F88DEF2BC8FFD78D8831E1E5DFA93D2B1D859DB498FE1963D4246F8D997F63","src/driver/ChatpadFilter/device.c:941:ChatpadTrace","false",""
"2","1104","DEVICE_CONTEXT_READY","device-add","src/driver/ChatpadFilter/device.c","ChatpadEvtDeviceAdd","967","ChatpadTraceDeviceEvent( context, TRACE_LEVEL_INFORMATION, CHATPAD_TRACE_DEVICE_ADD, CHATPAD_RUNTIME_EVENT_DEVICE_CONTEXT_READY, STATUS_SUCCESS, 0u, context->Version, context->RuntimeTraceSchemaVersion)","62A1E22C7D53E5D9778A43F534C9C521E7D2C6BB773007321F26F8CF84D40736","helper-mediated","ChatpadTraceDeviceEvent","ChatpadTraceDeviceEvent>ChatpadTrace","src/driver/ChatpadFilter/device.c","ChatpadTraceDeviceEvent","89","7A2B421CE2A76A3E2503D820F833FB202557AB8A01DE43417EAA8733E1F8BF1D","src/driver/ChatpadFilter/device.c:967:ChatpadTraceDeviceEvent","false",""
"2","1105","DEVICE_CREATE_COMPLETED","device-add","src/driver/ChatpadFilter/device.c","ChatpadEvtDeviceAdd","976","ChatpadTraceDeviceEvent( context, TRACE_LEVEL_INFORMATION, CHATPAD_TRACE_DEVICE_ADD, CHATPAD_RUNTIME_EVENT_DEVICE_CREATE_COMPLETED, STATUS_SUCCESS, 0u, 0u, 0u)","2BC98DD842A996F0AB58B563B805EB6DAE8A6445DE0913A3AE240AC1597F97BA","helper-mediated","ChatpadTraceDeviceEvent","ChatpadTraceDeviceEvent>ChatpadTrace","src/driver/ChatpadFilter/device.c","ChatpadTraceDeviceEvent","89","7A2B421CE2A76A3E2503D820F833FB202557AB8A01DE43417EAA8733E1F8BF1D","src/driver/ChatpadFilter/device.c:976:ChatpadTraceDeviceEvent","false",""
"2","1200","OWNER_STORAGE_INIT_STARTED","owner","src/driver/ChatpadFilter/device.c","ChatpadEvtDeviceAdd","986","ChatpadTraceDeviceSnapshot( context, TRACE_LEVEL_INFORMATION, CHATPAD_TRACE_OWNER, CHATPAD_RUNTIME_EVENT_OWNER_STORAGE_INIT_STARTED, STATUS_SUCCESS, 0u)","B212B660537D3652710B58E2DC691B8302DAC1442280E0B5AD7BF809ACCBC737","helper-mediated","ChatpadTraceDeviceSnapshot","ChatpadTraceDeviceSnapshot>ChatpadTrace","src/driver/ChatpadFilter/device.c","ChatpadTraceDeviceSnapshot","116","82B1E469F5D9472C981F290C49F4BCEA1187C2813F42AE8A93EF0E672620F15F","src/driver/ChatpadFilter/device.c:986:ChatpadTraceDeviceSnapshot","false",""
"2","1201","OWNER_STORAGE_INIT_COMPLETED","owner","src/driver/ChatpadFilter/device.c","ChatpadEvtDeviceAdd","1012","ChatpadTraceDeviceSnapshot( context, TRACE_LEVEL_INFORMATION, CHATPAD_TRACE_OWNER, CHATPAD_RUNTIME_EVENT_OWNER_STORAGE_INIT_COMPLETED, STATUS_SUCCESS, 0u)","F10BD8EF332E997E9FC2FD5D8BFBAE731CC191C6BAB3B36BB83809C03EA06FA5","helper-mediated","ChatpadTraceDeviceSnapshot","ChatpadTraceDeviceSnapshot>ChatpadTrace","src/driver/ChatpadFilter/device.c","ChatpadTraceDeviceSnapshot","116","82B1E469F5D9472C981F290C49F4BCEA1187C2813F42AE8A93EF0E672620F15F","src/driver/ChatpadFilter/device.c:1012:ChatpadTraceDeviceSnapshot","false",""
"2","1202","OWNER_STORAGE_INIT_FAILED","owner","src/driver/ChatpadFilter/device.c","ChatpadEvtDeviceAdd","1000","ChatpadTraceDeviceEvent( context, TRACE_LEVEL_ERROR, CHATPAD_TRACE_OWNER, CHATPAD_RUNTIME_EVENT_OWNER_STORAGE_INIT_FAILED, status, 0u, (ULONG)ownerStorageResult, 0u)","602EA5067B3FC9510B24316AC0255E828ADB5FF694B840462A49DDCB807BC35E","helper-mediated","ChatpadTraceDeviceEvent","ChatpadTraceDeviceEvent>ChatpadTrace","src/driver/ChatpadFilter/device.c","ChatpadTraceDeviceEvent","47","33EB7245FEBD3A64820B88E387B7A0377CD308D4C39712AB0AED48ED3E0F163B","src/driver/ChatpadFilter/device.c:1000:ChatpadTraceDeviceEvent","false",""
"2","1203","PRE_OBJECT_VALIDATION_STARTED","owner","src/driver/ChatpadFilter/device.c","ChatpadEvtDeviceAdd","1020","ChatpadTraceDeviceSnapshot( context, TRACE_LEVEL_INFORMATION, CHATPAD_TRACE_OWNER, CHATPAD_RUNTIME_EVENT_PRE_OBJECT_VALIDATION_STARTED, STATUS_SUCCESS, 0u)","175CCD98A50E0ADD12B030325F6C297DA72F25C268EC12CCBD7258BCF14EDCF3","helper-mediated","ChatpadTraceDeviceSnapshot","ChatpadTraceDeviceSnapshot>ChatpadTrace","src/driver/ChatpadFilter/device.c","ChatpadTraceDeviceSnapshot","116","82B1E469F5D9472C981F290C49F4BCEA1187C2813F42AE8A93EF0E672620F15F","src/driver/ChatpadFilter/device.c:1020:ChatpadTraceDeviceSnapshot","false",""
"2","1204","PRE_OBJECT_VALIDATION_FAILED","owner","src/driver/ChatpadFilter/device.c","ChatpadEvtDeviceAdd","1032","ChatpadTraceDeviceEvent( context, TRACE_LEVEL_ERROR, CHATPAD_TRACE_OWNER, CHATPAD_RUNTIME_EVENT_PRE_OBJECT_VALIDATION_FAILED, status, 0u, (ULONG)ownerValidationResult, ownerStorageValidation.InvariantMask)","29A1E1A7F8AA543638C6C495E4FA816B681A9A1BDA776953983FE9B4BB41B4AE","helper-mediated","ChatpadTraceDeviceEvent","ChatpadTraceDeviceEvent>ChatpadTrace","src/driver/ChatpadFilter/device.c","ChatpadTraceDeviceEvent","47","33EB7245FEBD3A64820B88E387B7A0377CD308D4C39712AB0AED48ED3E0F163B","src/driver/ChatpadFilter/device.c:1032:ChatpadTraceDeviceEvent","false",""
"2","1205","PRE_OBJECT_VALIDATION_COMPLETED","owner","src/driver/ChatpadFilter/device.c","ChatpadEvtDeviceAdd","1044","ChatpadTraceDeviceSnapshot( context, TRACE_LEVEL_INFORMATION, CHATPAD_TRACE_OWNER, CHATPAD_RUNTIME_EVENT_PRE_OBJECT_VALIDATION_COMPLETED, STATUS_SUCCESS, 0u)","D90A3644EE8FB904C0962B7BEB78810EADFFDC3948D307AAA3FF5DDFF2335FA4","helper-mediated","ChatpadTraceDeviceSnapshot","ChatpadTraceDeviceSnapshot>ChatpadTrace","src/driver/ChatpadFilter/device.c","ChatpadTraceDeviceSnapshot","116","82B1E469F5D9472C981F290C49F4BCEA1187C2813F42AE8A93EF0E672620F15F","src/driver/ChatpadFilter/device.c:1044:ChatpadTraceDeviceSnapshot","false",""
"2","1300","ORCHESTRATION_STARTED","orchestration","src/driver/ChatpadFilter/device.c","ChatpadEvtDeviceAdd","1052","ChatpadTraceDeviceSnapshot( context, TRACE_LEVEL_INFORMATION, CHATPAD_TRACE_ORCHESTRATION, CHATPAD_RUNTIME_EVENT_ORCHESTRATION_STARTED, STATUS_SUCCESS, 0u)","343B427DA0BBB243697C31B034AF7C49E53292072D9C74E6751B0B60824DDB3A","helper-mediated","ChatpadTraceDeviceSnapshot","ChatpadTraceDeviceSnapshot>ChatpadTrace","src/driver/ChatpadFilter/device.c","ChatpadTraceDeviceSnapshot","132","1393A8C99C5F79527C5F8CE015E09ED862F6B31CE54A9F4F1C5D1F32C3BE8E7B","src/driver/ChatpadFilter/device.c:1052:ChatpadTraceDeviceSnapshot","false",""
"2","1301","ORCHESTRATION_STAGE_ENTERED","orchestration","src/driver/ChatpadKmdfRequestOwnerContext/ChatpadKmdfRequestOwnerContext.c","ChatpadKmdfRequestOwnerCreateDormantObjectGraph","1683","ChatpadKmdfTraceOwnerEvent( owner, TRACE_LEVEL_VERBOSE, CHATPAD_TRACE_ORCHESTRATION, CHATPAD_RUNTIME_EVENT_ORCHESTRATION_STAGE_ENTERED, STATUS_SUCCESS, (ULONG)report->LastStageEntered, 0u, 0u)","A206F27F7DCD5EA1BC4884F80DBC65DEA384AA7C8811E79F8A41231B164DA012","helper-mediated","ChatpadKmdfTraceOwnerEvent","ChatpadKmdfTraceOwnerEvent>ChatpadTrace","src/driver/ChatpadKmdfRequestOwnerContext/ChatpadKmdfRequestOwnerContext.c","ChatpadKmdfTraceOwnerEvent","117","8C6719F2D1F59E0A0FC655C110024587EC4EFE9553EE6B46A04600B6AE0F6CBC","src/driver/ChatpadKmdfRequestOwnerContext/ChatpadKmdfRequestOwnerContext.c:1683:ChatpadKmdfTraceOwnerEvent","false","CHATPAD_KMDF_REQUEST_OWNER_ORCHESTRATION_STAGE_VALIDATE_BASELINE"
"2","1301","ORCHESTRATION_STAGE_ENTERED","orchestration","src/driver/ChatpadKmdfRequestOwnerContext/ChatpadKmdfRequestOwnerContext.c","ChatpadKmdfRequestOwnerCreateDormantObjectGraph","1722","ChatpadKmdfTraceOwnerEvent( owner, TRACE_LEVEL_VERBOSE, CHATPAD_TRACE_ORCHESTRATION, CHATPAD_RUNTIME_EVENT_ORCHESTRATION_STAGE_ENTERED, STATUS_SUCCESS, (ULONG)report->LastStageEntered, 0u, 0u)","A206F27F7DCD5EA1BC4884F80DBC65DEA384AA7C8811E79F8A41231B164DA012","helper-mediated","ChatpadKmdfTraceOwnerEvent","ChatpadKmdfTraceOwnerEvent>ChatpadTrace","src/driver/ChatpadKmdfRequestOwnerContext/ChatpadKmdfRequestOwnerContext.c","ChatpadKmdfTraceOwnerEvent","117","8C6719F2D1F59E0A0FC655C110024587EC4EFE9553EE6B46A04600B6AE0F6CBC","src/driver/ChatpadKmdfRequestOwnerContext/ChatpadKmdfRequestOwnerContext.c:1722:ChatpadKmdfTraceOwnerEvent","false","CHATPAD_KMDF_REQUEST_OWNER_ORCHESTRATION_STAGE_CREATE_SPINLOCK"
"2","1301","ORCHESTRATION_STAGE_ENTERED","orchestration","src/driver/ChatpadKmdfRequestOwnerContext/ChatpadKmdfRequestOwnerContext.c","ChatpadKmdfRequestOwnerCreateDormantObjectGraph","1769","ChatpadKmdfTraceOwnerEvent( owner, TRACE_LEVEL_VERBOSE, CHATPAD_TRACE_ORCHESTRATION, CHATPAD_RUNTIME_EVENT_ORCHESTRATION_STAGE_ENTERED, STATUS_SUCCESS, (ULONG)report->LastStageEntered, 0u, 0u)","A206F27F7DCD5EA1BC4884F80DBC65DEA384AA7C8811E79F8A41231B164DA012","helper-mediated","ChatpadKmdfTraceOwnerEvent","ChatpadKmdfTraceOwnerEvent>ChatpadTrace","src/driver/ChatpadKmdfRequestOwnerContext/ChatpadKmdfRequestOwnerContext.c","ChatpadKmdfTraceOwnerEvent","117","8C6719F2D1F59E0A0FC655C110024587EC4EFE9553EE6B46A04600B6AE0F6CBC","src/driver/ChatpadKmdfRequestOwnerContext/ChatpadKmdfRequestOwnerContext.c:1769:ChatpadKmdfTraceOwnerEvent","false","CHATPAD_KMDF_REQUEST_OWNER_ORCHESTRATION_STAGE_CREATE_REQUEST"
"2","1301","ORCHESTRATION_STAGE_ENTERED","orchestration","src/driver/ChatpadKmdfRequestOwnerContext/ChatpadKmdfRequestOwnerContext.c","ChatpadKmdfRequestOwnerCreateDormantObjectGraph","1816","ChatpadKmdfTraceOwnerEvent( owner, TRACE_LEVEL_VERBOSE, CHATPAD_TRACE_ORCHESTRATION, CHATPAD_RUNTIME_EVENT_ORCHESTRATION_STAGE_ENTERED, STATUS_SUCCESS, (ULONG)report->LastStageEntered, 0u, 0u)","A206F27F7DCD5EA1BC4884F80DBC65DEA384AA7C8811E79F8A41231B164DA012","helper-mediated","ChatpadKmdfTraceOwnerEvent","ChatpadKmdfTraceOwnerEvent>ChatpadTrace","src/driver/ChatpadKmdfRequestOwnerContext/ChatpadKmdfRequestOwnerContext.c","ChatpadKmdfTraceOwnerEvent","117","8C6719F2D1F59E0A0FC655C110024587EC4EFE9553EE6B46A04600B6AE0F6CBC","src/driver/ChatpadKmdfRequestOwnerContext/ChatpadKmdfRequestOwnerContext.c:1816:ChatpadKmdfTraceOwnerEvent","false","CHATPAD_KMDF_REQUEST_OWNER_ORCHESTRATION_STAGE_CREATE_OUTBOUND_MEMORY"
"2","1301","ORCHESTRATION_STAGE_ENTERED","orchestration","src/driver/ChatpadKmdfRequestOwnerContext/ChatpadKmdfRequestOwnerContext.c","ChatpadKmdfRequestOwnerCreateDormantObjectGraph","1862","ChatpadKmdfTraceOwnerEvent( owner, TRACE_LEVEL_VERBOSE, CHATPAD_TRACE_ORCHESTRATION, CHATPAD_RUNTIME_EVENT_ORCHESTRATION_STAGE_ENTERED, STATUS_SUCCESS, (ULONG)report->LastStageEntered, 0u, 0u)","A206F27F7DCD5EA1BC4884F80DBC65DEA384AA7C8811E79F8A41231B164DA012","helper-mediated","ChatpadKmdfTraceOwnerEvent","ChatpadKmdfTraceOwnerEvent>ChatpadTrace","src/driver/ChatpadKmdfRequestOwnerContext/ChatpadKmdfRequestOwnerContext.c","ChatpadKmdfTraceOwnerEvent","117","8C6719F2D1F59E0A0FC655C110024587EC4EFE9553EE6B46A04600B6AE0F6CBC","src/driver/ChatpadKmdfRequestOwnerContext/ChatpadKmdfRequestOwnerContext.c:1862:ChatpadKmdfTraceOwnerEvent","false","CHATPAD_KMDF_REQUEST_OWNER_ORCHESTRATION_STAGE_CREATE_INBOUND_MEMORY"
"2","1301","ORCHESTRATION_STAGE_ENTERED","orchestration","src/driver/ChatpadKmdfRequestOwnerContext/ChatpadKmdfRequestOwnerContext.c","ChatpadKmdfRequestOwnerCreateDormantObjectGraph","1908","ChatpadKmdfTraceOwnerEvent( owner, TRACE_LEVEL_VERBOSE, CHATPAD_TRACE_ORCHESTRATION, CHATPAD_RUNTIME_EVENT_ORCHESTRATION_STAGE_ENTERED, STATUS_SUCCESS, (ULONG)report->LastStageEntered, 0u, 0u)","A206F27F7DCD5EA1BC4884F80DBC65DEA384AA7C8811E79F8A41231B164DA012","helper-mediated","ChatpadKmdfTraceOwnerEvent","ChatpadKmdfTraceOwnerEvent>ChatpadTrace","src/driver/ChatpadKmdfRequestOwnerContext/ChatpadKmdfRequestOwnerContext.c","ChatpadKmdfTraceOwnerEvent","117","8C6719F2D1F59E0A0FC655C110024587EC4EFE9553EE6B46A04600B6AE0F6CBC","src/driver/ChatpadKmdfRequestOwnerContext/ChatpadKmdfRequestOwnerContext.c:1908:ChatpadKmdfTraceOwnerEvent","false","CHATPAD_KMDF_REQUEST_OWNER_ORCHESTRATION_STAGE_VALIDATE_PRE_READY"
"2","1301","ORCHESTRATION_STAGE_ENTERED","orchestration","src/driver/ChatpadKmdfRequestOwnerContext/ChatpadKmdfRequestOwnerContext.c","ChatpadKmdfRequestOwnerCreateDormantObjectGraph","1941","ChatpadKmdfTraceOwnerEvent( owner, TRACE_LEVEL_VERBOSE, CHATPAD_TRACE_ORCHESTRATION, CHATPAD_RUNTIME_EVENT_ORCHESTRATION_STAGE_ENTERED, STATUS_SUCCESS, (ULONG)report->LastStageEntered, 0u, 0u)","A206F27F7DCD5EA1BC4884F80DBC65DEA384AA7C8811E79F8A41231B164DA012","helper-mediated","ChatpadKmdfTraceOwnerEvent","ChatpadKmdfTraceOwnerEvent>ChatpadTrace","src/driver/ChatpadKmdfRequestOwnerContext/ChatpadKmdfRequestOwnerContext.c","ChatpadKmdfTraceOwnerEvent","117","8C6719F2D1F59E0A0FC655C110024587EC4EFE9553EE6B46A04600B6AE0F6CBC","src/driver/ChatpadKmdfRequestOwnerContext/ChatpadKmdfRequestOwnerContext.c:1941:ChatpadKmdfTraceOwnerEvent","false","CHATPAD_KMDF_REQUEST_OWNER_ORCHESTRATION_STAGE_PUBLISH_READY"
"2","1301","ORCHESTRATION_STAGE_ENTERED","orchestration","src/driver/ChatpadKmdfRequestOwnerContext/ChatpadKmdfRequestOwnerContext.c","ChatpadKmdfRequestOwnerCreateDormantObjectGraph","1965","ChatpadKmdfTraceOwnerEvent( owner, TRACE_LEVEL_VERBOSE, CHATPAD_TRACE_ORCHESTRATION, CHATPAD_RUNTIME_EVENT_ORCHESTRATION_STAGE_ENTERED, STATUS_SUCCESS, (ULONG)report->LastStageEntered, 0u, 0u)","A206F27F7DCD5EA1BC4884F80DBC65DEA384AA7C8811E79F8A41231B164DA012","helper-mediated","ChatpadKmdfTraceOwnerEvent","ChatpadKmdfTraceOwnerEvent>ChatpadTrace","src/driver/ChatpadKmdfRequestOwnerContext/ChatpadKmdfRequestOwnerContext.c","ChatpadKmdfTraceOwnerEvent","117","8C6719F2D1F59E0A0FC655C110024587EC4EFE9553EE6B46A04600B6AE0F6CBC","src/driver/ChatpadKmdfRequestOwnerContext/ChatpadKmdfRequestOwnerContext.c:1965:ChatpadKmdfTraceOwnerEvent","false","CHATPAD_KMDF_REQUEST_OWNER_ORCHESTRATION_STAGE_VALIDATE_READY"
"2","1301","ORCHESTRATION_STAGE_ENTERED","orchestration","src/driver/ChatpadKmdfRequestOwnerContext/ChatpadKmdfRequestOwnerContext.c","ChatpadKmdfRequestOwnerCreateDormantObjectGraph","2028","ChatpadKmdfTraceOwnerEvent( owner, TRACE_LEVEL_VERBOSE, CHATPAD_TRACE_ORCHESTRATION, CHATPAD_RUNTIME_EVENT_ORCHESTRATION_STAGE_ENTERED, STATUS_SUCCESS, (ULONG)report->LastStageEntered, (ULONG)orchestrationResult, 0u)","96767E4767A1E4FCA669B878CDF6D2D809781FDF34E66211CACB399A4992943B","helper-mediated","ChatpadKmdfTraceOwnerEvent","ChatpadKmdfTraceOwnerEvent>ChatpadTrace","src/driver/ChatpadKmdfRequestOwnerContext/ChatpadKmdfRequestOwnerContext.c","ChatpadKmdfTraceOwnerEvent","117","8C6719F2D1F59E0A0FC655C110024587EC4EFE9553EE6B46A04600B6AE0F6CBC","src/driver/ChatpadKmdfRequestOwnerContext/ChatpadKmdfRequestOwnerContext.c:2028:ChatpadKmdfTraceOwnerEvent","false","CHATPAD_KMDF_REQUEST_OWNER_ORCHESTRATION_STAGE_ROLLBACK"
"2","1302","ORCHESTRATION_STAGE_COMPLETED","orchestration","src/driver/ChatpadKmdfRequestOwnerContext/ChatpadKmdfRequestOwnerContext.c","ChatpadKmdfRequestOwnerCreateDormantObjectGraph","1710","ChatpadKmdfTraceOwnerEvent( owner, TRACE_LEVEL_VERBOSE, CHATPAD_TRACE_ORCHESTRATION, CHATPAD_RUNTIME_EVENT_ORCHESTRATION_STAGE_COMPLETED, STATUS_SUCCESS, (ULONG)report->LastCompletedStage, (ULONG)report->BaselineValidationResult, 0u)","415ADECC247EBA401FD25581F84DBD4DDECA6FC1D3C92D5B4F5B1A4D465ACA47","helper-mediated","ChatpadKmdfTraceOwnerEvent","ChatpadKmdfTraceOwnerEvent>ChatpadTrace","src/driver/ChatpadKmdfRequestOwnerContext/ChatpadKmdfRequestOwnerContext.c","ChatpadKmdfTraceOwnerEvent","117","8C6719F2D1F59E0A0FC655C110024587EC4EFE9553EE6B46A04600B6AE0F6CBC","src/driver/ChatpadKmdfRequestOwnerContext/ChatpadKmdfRequestOwnerContext.c:1710:ChatpadKmdfTraceOwnerEvent","false","CHATPAD_KMDF_REQUEST_OWNER_ORCHESTRATION_STAGE_VALIDATE_BASELINE"
"2","1302","ORCHESTRATION_STAGE_COMPLETED","orchestration","src/driver/ChatpadKmdfRequestOwnerContext/ChatpadKmdfRequestOwnerContext.c","ChatpadKmdfRequestOwnerCreateDormantObjectGraph","1757","ChatpadKmdfTraceOwnerEvent( owner, TRACE_LEVEL_VERBOSE, CHATPAD_TRACE_ORCHESTRATION, CHATPAD_RUNTIME_EVENT_ORCHESTRATION_STAGE_COMPLETED, STATUS_SUCCESS, (ULONG)report->LastCompletedStage, (ULONG)report->CreationResult, report->HighestPartialInitializationMask)","35D652ED9DBB1725BB79AC7F7C0DAB70F8267D3F24E41833C15F6BE3C75C61AC","helper-mediated","ChatpadKmdfTraceOwnerEvent","ChatpadKmdfTraceOwnerEvent>ChatpadTrace","src/driver/ChatpadKmdfRequestOwnerContext/ChatpadKmdfRequestOwnerContext.c","ChatpadKmdfTraceOwnerEvent","117","8C6719F2D1F59E0A0FC655C110024587EC4EFE9553EE6B46A04600B6AE0F6CBC","src/driver/ChatpadKmdfRequestOwnerContext/ChatpadKmdfRequestOwnerContext.c:1757:ChatpadKmdfTraceOwnerEvent","false","CHATPAD_KMDF_REQUEST_OWNER_ORCHESTRATION_STAGE_CREATE_SPINLOCK"
"2","1302","ORCHESTRATION_STAGE_COMPLETED","orchestration","src/driver/ChatpadKmdfRequestOwnerContext/ChatpadKmdfRequestOwnerContext.c","ChatpadKmdfRequestOwnerCreateDormantObjectGraph","1804","ChatpadKmdfTraceOwnerEvent( owner, TRACE_LEVEL_VERBOSE, CHATPAD_TRACE_ORCHESTRATION, CHATPAD_RUNTIME_EVENT_ORCHESTRATION_STAGE_COMPLETED, STATUS_SUCCESS, (ULONG)report->LastCompletedStage, (ULONG)report->CreationResult, report->HighestPartialInitializationMask)","35D652ED9DBB1725BB79AC7F7C0DAB70F8267D3F24E41833C15F6BE3C75C61AC","helper-mediated","ChatpadKmdfTraceOwnerEvent","ChatpadKmdfTraceOwnerEvent>ChatpadTrace","src/driver/ChatpadKmdfRequestOwnerContext/ChatpadKmdfRequestOwnerContext.c","ChatpadKmdfTraceOwnerEvent","117","8C6719F2D1F59E0A0FC655C110024587EC4EFE9553EE6B46A04600B6AE0F6CBC","src/driver/ChatpadKmdfRequestOwnerContext/ChatpadKmdfRequestOwnerContext.c:1804:ChatpadKmdfTraceOwnerEvent","false","CHATPAD_KMDF_REQUEST_OWNER_ORCHESTRATION_STAGE_CREATE_REQUEST"
"2","1302","ORCHESTRATION_STAGE_COMPLETED","orchestration","src/driver/ChatpadKmdfRequestOwnerContext/ChatpadKmdfRequestOwnerContext.c","ChatpadKmdfRequestOwnerCreateDormantObjectGraph","1850","ChatpadKmdfTraceOwnerEvent( owner, TRACE_LEVEL_VERBOSE, CHATPAD_TRACE_ORCHESTRATION, CHATPAD_RUNTIME_EVENT_ORCHESTRATION_STAGE_COMPLETED, STATUS_SUCCESS, (ULONG)report->LastCompletedStage, (ULONG)report->CreationResult, report->HighestPartialInitializationMask)","35D652ED9DBB1725BB79AC7F7C0DAB70F8267D3F24E41833C15F6BE3C75C61AC","helper-mediated","ChatpadKmdfTraceOwnerEvent","ChatpadKmdfTraceOwnerEvent>ChatpadTrace","src/driver/ChatpadKmdfRequestOwnerContext/ChatpadKmdfRequestOwnerContext.c","ChatpadKmdfTraceOwnerEvent","117","8C6719F2D1F59E0A0FC655C110024587EC4EFE9553EE6B46A04600B6AE0F6CBC","src/driver/ChatpadKmdfRequestOwnerContext/ChatpadKmdfRequestOwnerContext.c:1850:ChatpadKmdfTraceOwnerEvent","false","CHATPAD_KMDF_REQUEST_OWNER_ORCHESTRATION_STAGE_CREATE_OUTBOUND_MEMORY"
"2","1302","ORCHESTRATION_STAGE_COMPLETED","orchestration","src/driver/ChatpadKmdfRequestOwnerContext/ChatpadKmdfRequestOwnerContext.c","ChatpadKmdfRequestOwnerCreateDormantObjectGraph","1896","ChatpadKmdfTraceOwnerEvent( owner, TRACE_LEVEL_VERBOSE, CHATPAD_TRACE_ORCHESTRATION, CHATPAD_RUNTIME_EVENT_ORCHESTRATION_STAGE_COMPLETED, STATUS_SUCCESS, (ULONG)report->LastCompletedStage, (ULONG)report->CreationResult, report->HighestPartialInitializationMask)","35D652ED9DBB1725BB79AC7F7C0DAB70F8267D3F24E41833C15F6BE3C75C61AC","helper-mediated","ChatpadKmdfTraceOwnerEvent","ChatpadKmdfTraceOwnerEvent>ChatpadTrace","src/driver/ChatpadKmdfRequestOwnerContext/ChatpadKmdfRequestOwnerContext.c","ChatpadKmdfTraceOwnerEvent","117","8C6719F2D1F59E0A0FC655C110024587EC4EFE9553EE6B46A04600B6AE0F6CBC","src/driver/ChatpadKmdfRequestOwnerContext/ChatpadKmdfRequestOwnerContext.c:1896:ChatpadKmdfTraceOwnerEvent","false","CHATPAD_KMDF_REQUEST_OWNER_ORCHESTRATION_STAGE_CREATE_INBOUND_MEMORY"
"2","1302","ORCHESTRATION_STAGE_COMPLETED","orchestration","src/driver/ChatpadKmdfRequestOwnerContext/ChatpadKmdfRequestOwnerContext.c","ChatpadKmdfRequestOwnerCreateDormantObjectGraph","1929","ChatpadKmdfTraceOwnerEvent( owner, TRACE_LEVEL_VERBOSE, CHATPAD_TRACE_ORCHESTRATION, CHATPAD_RUNTIME_EVENT_ORCHESTRATION_STAGE_COMPLETED, STATUS_SUCCESS, (ULONG)report->LastCompletedStage, (ULONG)report->ValidationResult, owner->InitializationMask)","CEC524B400BB2C675D649014A114BA0EAB444DDAA4C454879B7CDBECE6CA9E54","helper-mediated","ChatpadKmdfTraceOwnerEvent","ChatpadKmdfTraceOwnerEvent>ChatpadTrace","src/driver/ChatpadKmdfRequestOwnerContext/ChatpadKmdfRequestOwnerContext.c","ChatpadKmdfTraceOwnerEvent","117","8C6719F2D1F59E0A0FC655C110024587EC4EFE9553EE6B46A04600B6AE0F6CBC","src/driver/ChatpadKmdfRequestOwnerContext/ChatpadKmdfRequestOwnerContext.c:1929:ChatpadKmdfTraceOwnerEvent","false","CHATPAD_KMDF_REQUEST_OWNER_ORCHESTRATION_STAGE_VALIDATE_PRE_READY"
"2","1302","ORCHESTRATION_STAGE_COMPLETED","orchestration","src/driver/ChatpadKmdfRequestOwnerContext/ChatpadKmdfRequestOwnerContext.c","ChatpadKmdfRequestOwnerCreateDormantObjectGraph","1953","ChatpadKmdfTraceOwnerEvent( owner, TRACE_LEVEL_VERBOSE, CHATPAD_TRACE_ORCHESTRATION, CHATPAD_RUNTIME_EVENT_ORCHESTRATION_STAGE_COMPLETED, STATUS_SUCCESS, (ULONG)report->LastCompletedStage, report->ReadyPublicationAttempted, owner->InitializationMask)","C330313A6727BDEF2DBC5BC804FD8A53195F200E78B2BE041D90DEE03BF6A34C","helper-mediated","ChatpadKmdfTraceOwnerEvent","ChatpadKmdfTraceOwnerEvent>ChatpadTrace","src/driver/ChatpadKmdfRequestOwnerContext/ChatpadKmdfRequestOwnerContext.c","ChatpadKmdfTraceOwnerEvent","117","8C6719F2D1F59E0A0FC655C110024587EC4EFE9553EE6B46A04600B6AE0F6CBC","src/driver/ChatpadKmdfRequestOwnerContext/ChatpadKmdfRequestOwnerContext.c:1953:ChatpadKmdfTraceOwnerEvent","false","CHATPAD_KMDF_REQUEST_OWNER_ORCHESTRATION_STAGE_PUBLISH_READY"
"2","1302","ORCHESTRATION_STAGE_COMPLETED","orchestration","src/driver/ChatpadKmdfRequestOwnerContext/ChatpadKmdfRequestOwnerContext.c","ChatpadKmdfRequestOwnerCreateDormantObjectGraph","1989","ChatpadKmdfTraceOwnerEvent( owner, TRACE_LEVEL_VERBOSE, CHATPAD_TRACE_ORCHESTRATION, CHATPAD_RUNTIME_EVENT_ORCHESTRATION_STAGE_COMPLETED, STATUS_SUCCESS, (ULONG)report->LastCompletedStage, (ULONG)report->ValidationResult, owner->InitializationMask)","CEC524B400BB2C675D649014A114BA0EAB444DDAA4C454879B7CDBECE6CA9E54","helper-mediated","ChatpadKmdfTraceOwnerEvent","ChatpadKmdfTraceOwnerEvent>ChatpadTrace","src/driver/ChatpadKmdfRequestOwnerContext/ChatpadKmdfRequestOwnerContext.c","ChatpadKmdfTraceOwnerEvent","117","8C6719F2D1F59E0A0FC655C110024587EC4EFE9553EE6B46A04600B6AE0F6CBC","src/driver/ChatpadKmdfRequestOwnerContext/ChatpadKmdfRequestOwnerContext.c:1989:ChatpadKmdfTraceOwnerEvent","false","CHATPAD_KMDF_REQUEST_OWNER_ORCHESTRATION_STAGE_VALIDATE_READY"
"2","1302","ORCHESTRATION_STAGE_COMPLETED","orchestration","src/driver/ChatpadKmdfRequestOwnerContext/ChatpadKmdfRequestOwnerContext.c","ChatpadKmdfRequestOwnerCreateDormantObjectGraph","2050","ChatpadKmdfTraceOwnerEvent( owner, TRACE_LEVEL_VERBOSE, CHATPAD_TRACE_ORCHESTRATION, CHATPAD_RUNTIME_EVENT_ORCHESTRATION_STAGE_COMPLETED, STATUS_SUCCESS, (ULONG)report->LastCompletedStage, (ULONG)rollbackResult, owner->InitializationMask)","F317DF590C42C41E5EDB43698846D6D5C1A5387B275C0334FAE0E09CE6B0B3F2","helper-mediated","ChatpadKmdfTraceOwnerEvent","ChatpadKmdfTraceOwnerEvent>ChatpadTrace","src/driver/ChatpadKmdfRequestOwnerContext/ChatpadKmdfRequestOwnerContext.c","ChatpadKmdfTraceOwnerEvent","117","8C6719F2D1F59E0A0FC655C110024587EC4EFE9553EE6B46A04600B6AE0F6CBC","src/driver/ChatpadKmdfRequestOwnerContext/ChatpadKmdfRequestOwnerContext.c:2050:ChatpadKmdfTraceOwnerEvent","false","CHATPAD_KMDF_REQUEST_OWNER_ORCHESTRATION_STAGE_ROLLBACK"
"2","1303","ORCHESTRATION_RETURNED","orchestration","src/driver/ChatpadFilter/device.c","ChatpadEvtDeviceAdd","1075","ChatpadTraceDeviceEvent( context, TRACE_LEVEL_INFORMATION, CHATPAD_TRACE_ORCHESTRATION, CHATPAD_RUNTIME_EVENT_ORCHESTRATION_RETURNED, orchestrationReport.FrameworkStatus, (ULONG)orchestrationReport.LastCompletedStage, (ULONG)orchestrationResult, (ULONG)orchestrationReport.Result)","8F133E26992AC83E8531FDBE78E95416B2F14C7A48714FB998444C190FFD5EFE","helper-mediated","ChatpadTraceDeviceEvent","ChatpadTraceDeviceEvent>ChatpadTrace","src/driver/ChatpadFilter/device.c","ChatpadTraceDeviceEvent","54","B0033AC20443CAFC77465207F3F75315DFFCCC07D742937D8F8C58277BC64DEF","src/driver/ChatpadFilter/device.c:1075:ChatpadTraceDeviceEvent","false",""
"2","1304","ORCHESTRATION_FUNCTION_RESULT","orchestration","src/driver/ChatpadFilter/device.c","ChatpadEvtDeviceAdd","1100","ChatpadTraceDeviceEvent( context, orchestrationResult == CHATPAD_KMDF_REQUEST_OWNER_ORCHESTRATION_OK ? TRACE_LEVEL_INFORMATION : TRACE_LEVEL_ERROR, CHATPAD_TRACE_ORCHESTRATION, CHATPAD_RUNTIME_EVENT_ORCHESTRATION_FUNCTION_RESULT, orchestrationReport.FrameworkStatus, (ULONG)orchestrationReport.LastCompletedStage, (ULONG)orchestrationResult, 0u)","45B0D2D43F876F7D22FA850E87223084A919ADA66F0ED1D2322EF0BF37E15DC0","helper-mediated","ChatpadTraceDeviceEvent","ChatpadTraceDeviceEvent>ChatpadTrace","src/driver/ChatpadFilter/device.c","ChatpadTraceDeviceEvent","54","B0033AC20443CAFC77465207F3F75315DFFCCC07D742937D8F8C58277BC64DEF","src/driver/ChatpadFilter/device.c:1100:ChatpadTraceDeviceEvent","false",""
"2","1305","ORCHESTRATION_REPORT_RESULT","orchestration","src/driver/ChatpadFilter/device.c","ChatpadEvtDeviceAdd","1111","ChatpadTraceDeviceEvent( context, orchestrationReport.Result == CHATPAD_KMDF_REQUEST_OWNER_ORCHESTRATION_OK ? TRACE_LEVEL_INFORMATION : TRACE_LEVEL_ERROR, CHATPAD_TRACE_ORCHESTRATION, CHATPAD_RUNTIME_EVENT_ORCHESTRATION_REPORT_RESULT, orchestrationReport.FrameworkStatus, (ULONG)orchestrationReport.LastCompletedStage, (ULONG)orchestrationReport.Result, 0u)","08BDC5B3225F7547A6983C0EFA1A7CA2D642FFAE3586A90CE737E277E8F76D1B","helper-mediated","ChatpadTraceDeviceEvent","ChatpadTraceDeviceEvent>ChatpadTrace","src/driver/ChatpadFilter/device.c","ChatpadTraceDeviceEvent","54","B0033AC20443CAFC77465207F3F75315DFFCCC07D742937D8F8C58277BC64DEF","src/driver/ChatpadFilter/device.c:1111:ChatpadTraceDeviceEvent","false",""
"2","1306","ORCHESTRATION_FUNCTION_REPORT_MATCHED","orchestration","src/driver/ChatpadFilter/device.c","ChatpadEvtDeviceAdd","1136","ChatpadTraceDeviceEvent( context, TRACE_LEVEL_INFORMATION, CHATPAD_TRACE_ORCHESTRATION, CHATPAD_RUNTIME_EVENT_ORCHESTRATION_FUNCTION_REPORT_MATCHED, STATUS_SUCCESS, (ULONG)orchestrationReport.LastCompletedStage, (ULONG)orchestrationResult, 0u)","FD34424FA58DBB6B42D3886CA07E5591E8189797FB56E5F98DCEE2E17695C5AB","helper-mediated","ChatpadTraceDeviceEvent","ChatpadTraceDeviceEvent>ChatpadTrace","src/driver/ChatpadFilter/device.c","ChatpadTraceDeviceEvent","54","B0033AC20443CAFC77465207F3F75315DFFCCC07D742937D8F8C58277BC64DEF","src/driver/ChatpadFilter/device.c:1136:ChatpadTraceDeviceEvent","false",""
"2","1307","ORCHESTRATION_FUNCTION_REPORT_MISMATCH","orchestration","src/driver/ChatpadFilter/device.c","ChatpadEvtDeviceAdd","1124","ChatpadTraceDeviceEvent( context, TRACE_LEVEL_ERROR, CHATPAD_TRACE_ORCHESTRATION, CHATPAD_RUNTIME_EVENT_ORCHESTRATION_FUNCTION_REPORT_MISMATCH, status, (ULONG)orchestrationReport.LastCompletedStage, (ULONG)orchestrationResult, (ULONG)orchestrationReport.Result)","51F1AFC9CE087A26493017F385816B504790A5504B02166CCC65000CDD74B82B","helper-mediated","ChatpadTraceDeviceEvent","ChatpadTraceDeviceEvent>ChatpadTrace","src/driver/ChatpadFilter/device.c","ChatpadTraceDeviceEvent","54","B0033AC20443CAFC77465207F3F75315DFFCCC07D742937D8F8C58277BC64DEF","src/driver/ChatpadFilter/device.c:1124:ChatpadTraceDeviceEvent","false",""
"2","1308","ORCHESTRATION_REPORT_SUMMARY","orchestration","src/driver/ChatpadFilter/device.c","ChatpadTraceOrchestrationReportSummary","699","ChatpadTrace(TRACE_LEVEL_INFORMATION, CHATPAD_TRACE_ORCHESTRATION, ""EventId=%lu EventName=%s AttemptId=%I64u Sequence=%I64u SchemaVersion=%lu FunctionResult=%lu ReportResult=%lu FunctionReportMismatch=%lu TerminalStage=%lu FailedStage=%lu TerminalCategory=%lu FirstFailureClass=%lu MappedStatusClass=%lu RollbackAttempted=%lu RollbackCompleted=%lu SpinlockPresent=%u ReusableRequestPresent=%u OutboundMemoryPresent=%u InboundMemoryPresent=%u ReadyAttempted=%lu ReadyPublished=%lu ObjectGraphComplete=%lu StructuralReady=%lu FinalInitializationMaskClass=0x%08X"", (ULONG)CHATPAD_RUNTIME_EVENT_ORCHESTRATION_REPORT_SUMMARY, ChatpadRuntimeTraceEventName(CHATPAD_RUNTIME_EVENT_ORCHESTRATION_REPORT_SUMMARY), (unsigned long long)context->RuntimeDiagnostics.AttemptId, (unsigned long long)sequence, CHATPAD_RUNTIME_TRACE_SCHEMA_VERSION, (ULONG)functionResult, (ULONG)report->Result, functionReportMismatch, terminalStage, failedStage, terminalCategory, firstFailureClass, mappedStatusClass, rollbackAttempted, rollbackCompleted, (unsigned int)objects.BookkeepingLockPresent, (unsigned int)objects.ReusableRequestPresent, (unsigned int)objects.OutboundMemoryPresent, (unsigned int)objects.InboundMemoryPresent, readyAttempted, readyPublished, objectGraphComplete, structuralReady, finalInitializationMaskClass)","8A72A20A4C83EB2F3D0CD7B7739C8DB8C9F385414C01344DA625A364551E5C46","direct-wpp","ChatpadTrace","ChatpadTrace","src/driver/ChatpadFilter/device.c","ChatpadTraceOrchestrationReportSummary","699","8A72A20A4C83EB2F3D0CD7B7739C8DB8C9F385414C01344DA625A364551E5C46","src/driver/ChatpadFilter/device.c:699:ChatpadTrace","false",""
"2","1309","ORCHESTRATION_STATUS_MAPPED","orchestration","src/driver/ChatpadFilter/device.c","ChatpadEvtDeviceAdd","1148","ChatpadTraceDeviceEvent( context, TRACE_LEVEL_ERROR, CHATPAD_TRACE_ORCHESTRATION, CHATPAD_RUNTIME_EVENT_ORCHESTRATION_STATUS_MAPPED, status, (ULONG)orchestrationReport.FailedStage, (ULONG)orchestrationResult, (ULONG)ChatpadRuntimeClassifyStatus(status))","EDF6A545FC56CB3B94956B6739592A85BA102A756B0C7F0A1930584CAECA538B","helper-mediated","ChatpadTraceDeviceEvent","ChatpadTraceDeviceEvent>ChatpadTrace","src/driver/ChatpadFilter/device.c","ChatpadTraceDeviceEvent","54","B0033AC20443CAFC77465207F3F75315DFFCCC07D742937D8F8C58277BC64DEF","src/driver/ChatpadFilter/device.c:1148:ChatpadTraceDeviceEvent","false",""
"2","1310","ORCHESTRATION_UNEXPECTED_ENUM","orchestration","src/driver/ChatpadFilter/device.c","ChatpadTraceUnexpectedOrchestrationEnum","619","ChatpadTraceDeviceEvent( context, TRACE_LEVEL_ERROR, CHATPAD_TRACE_INVARIANT, CHATPAD_RUNTIME_EVENT_ORCHESTRATION_UNEXPECTED_ENUM, STATUS_INVALID_DEVICE_STATE, (ULONG)report->LastStageEntered, (ULONG)result, (ULONG)report->Result)","5CA10746DC01D34EE9A24FB328416E10A00BCD9741A44859840803E629561346","helper-mediated","ChatpadTraceDeviceEvent","ChatpadTraceDeviceEvent>ChatpadTrace","src/driver/ChatpadFilter/device.c","ChatpadTraceDeviceEvent","82","B1F9071E2CCA7D52275E1FE9FC3615A41403CB640487CF54D41D821AC936C866","src/driver/ChatpadFilter/device.c:619:ChatpadTraceDeviceEvent","false",""
"2","1311","ORCHESTRATION_READY_PUBLISHED","orchestration","src/driver/ChatpadFilter/device.c","ChatpadEvtDeviceAdd","1169","ChatpadTraceDeviceEvent( context, TRACE_LEVEL_INFORMATION, CHATPAD_TRACE_ORCHESTRATION, CHATPAD_RUNTIME_EVENT_ORCHESTRATION_READY_PUBLISHED, STATUS_SUCCESS, (ULONG)orchestrationReport.LastCompletedStage, orchestrationReport.ReadyPublicationAttempted, orchestrationReport.ReadyPublished)","AD230957B5BC96D7C9539AA52B8D398BAABAB65E5F274C49F50D9C0368B531A3","helper-mediated","ChatpadTraceDeviceEvent","ChatpadTraceDeviceEvent>ChatpadTrace","src/driver/ChatpadFilter/device.c","ChatpadTraceDeviceEvent","54","B0033AC20443CAFC77465207F3F75315DFFCCC07D742937D8F8C58277BC64DEF","src/driver/ChatpadFilter/device.c:1169:ChatpadTraceDeviceEvent","false",""
"2","1312","ORCHESTRATION_TERMINAL_CATEGORY","orchestration","src/driver/ChatpadFilter/device.c","ChatpadEvtDeviceAdd","1157","ChatpadTraceDeviceEvent( context, TRACE_LEVEL_ERROR, CHATPAD_TRACE_ORCHESTRATION, CHATPAD_RUNTIME_EVENT_ORCHESTRATION_TERMINAL_CATEGORY, status, (ULONG)orchestrationReport.FailedStage, (ULONG)orchestrationResult, (ULONG)orchestrationReport.RollbackResult)","B73039D46470BE55F92CC6EBAE129E84D62AEB1106B7B1C1A8F5CDD985CA54A0","helper-mediated","ChatpadTraceDeviceEvent","ChatpadTraceDeviceEvent>ChatpadTrace","src/driver/ChatpadFilter/device.c","ChatpadTraceDeviceEvent","54","B0033AC20443CAFC77465207F3F75315DFFCCC07D742937D8F8C58277BC64DEF","src/driver/ChatpadFilter/device.c:1157:ChatpadTraceDeviceEvent","false",""
"2","1400","READY_VALIDATION_STARTED","readiness","src/driver/ChatpadFilter/device.c","ChatpadEvtDeviceAdd","1178","ChatpadTraceDeviceSnapshot( context, TRACE_LEVEL_INFORMATION, CHATPAD_TRACE_READINESS, CHATPAD_RUNTIME_EVENT_READY_VALIDATION_STARTED, STATUS_SUCCESS, 0u)","D121CB71F088182C46755D5EF7C471FB3B7E2D8E65AEAFF733BF5894A903A648","helper-mediated","ChatpadTraceDeviceSnapshot","ChatpadTraceDeviceSnapshot>ChatpadTrace","src/driver/ChatpadFilter/device.c","ChatpadTraceDeviceSnapshot","148","7C53ECEA9970342EB36F9ACC8CF5689EC7C0F7C3B971C68916E626A18A941FF4","src/driver/ChatpadFilter/device.c:1178:ChatpadTraceDeviceSnapshot","false",""
"2","1401","READY_VALIDATION_PASSED","readiness","src/driver/ChatpadFilter/device.c","ChatpadEvtDeviceAdd","1215","ChatpadTraceDeviceSnapshot( context, TRACE_LEVEL_INFORMATION, CHATPAD_TRACE_READINESS, CHATPAD_RUNTIME_EVENT_READY_VALIDATION_PASSED, STATUS_SUCCESS, 1u)","73F84998A0AB0CFF7E3AA88EEFA8C071C361284139F0A5AF35E018ADD192BB7E","helper-mediated","ChatpadTraceDeviceSnapshot","ChatpadTraceDeviceSnapshot>ChatpadTrace","src/driver/ChatpadFilter/device.c","ChatpadTraceDeviceSnapshot","148","7C53ECEA9970342EB36F9ACC8CF5689EC7C0F7C3B971C68916E626A18A941FF4","src/driver/ChatpadFilter/device.c:1215:ChatpadTraceDeviceSnapshot","false",""
"2","1402","READY_VALIDATION_FAILED","readiness","src/driver/ChatpadFilter/device.c","ChatpadEvtDeviceAdd","1187","ChatpadTraceDeviceSnapshot( context, TRACE_LEVEL_ERROR, CHATPAD_TRACE_READINESS, CHATPAD_RUNTIME_EVENT_READY_VALIDATION_FAILED, status, 0u)","EB95E3F7DD4CFB5AB436045214790E636222C40D0494AF8B303B6F6A52872DFA","helper-mediated","ChatpadTraceDeviceSnapshot","ChatpadTraceDeviceSnapshot>ChatpadTrace","src/driver/ChatpadFilter/device.c","ChatpadTraceDeviceSnapshot","148","7C53ECEA9970342EB36F9ACC8CF5689EC7C0F7C3B971C68916E626A18A941FF4","src/driver/ChatpadFilter/device.c:1187:ChatpadTraceDeviceSnapshot","false",""
"2","1403","READY_VALIDATION_MISSING_OBJECT","readiness","src/driver/ChatpadFilter/device.c","ChatpadEvtDeviceAdd","1196","ChatpadTraceDeviceSnapshot( context, TRACE_LEVEL_ERROR, CHATPAD_TRACE_READINESS, CHATPAD_RUNTIME_EVENT_READY_VALIDATION_MISSING_OBJECT, status, 0u)","EB6BEEF6B42E58C4C34B7349B3B473A1C9D734FE2085F176ADC702387E081E88","helper-mediated","ChatpadTraceDeviceSnapshot","ChatpadTraceDeviceSnapshot>ChatpadTrace","src/driver/ChatpadFilter/device.c","ChatpadTraceDeviceSnapshot","148","7C53ECEA9970342EB36F9ACC8CF5689EC7C0F7C3B971C68916E626A18A941FF4","src/driver/ChatpadFilter/device.c:1196:ChatpadTraceDeviceSnapshot","false",""
"2","1404","READY_VALIDATION_INVARIANT_FAILED","readiness","src/driver/ChatpadFilter/device.c","ChatpadEvtDeviceAdd","1204","ChatpadTraceDeviceSnapshot( context, TRACE_LEVEL_ERROR, CHATPAD_TRACE_READINESS, CHATPAD_RUNTIME_EVENT_READY_VALIDATION_INVARIANT_FAILED, status, 0u)","F0B831A16CF2A7CE3BF7C8FCDCCDA12AB87EF493AE69BD7CC6A79F67E89B0A05","helper-mediated","ChatpadTraceDeviceSnapshot","ChatpadTraceDeviceSnapshot>ChatpadTrace","src/driver/ChatpadFilter/device.c","ChatpadTraceDeviceSnapshot","148","7C53ECEA9970342EB36F9ACC8CF5689EC7C0F7C3B971C68916E626A18A941FF4","src/driver/ChatpadFilter/device.c:1204:ChatpadTraceDeviceSnapshot","false",""
"2","1500","LIFECYCLE_INIT_STARTED","lifecycle","src/driver/ChatpadFilter/device.c","ChatpadEvtDeviceAdd","1224","ChatpadTraceDeviceEvent( context, TRACE_LEVEL_INFORMATION, CHATPAD_TRACE_LIFECYCLE, CHATPAD_RUNTIME_EVENT_LIFECYCLE_INIT_STARTED, STATUS_SUCCESS, 0u, 0u, 0u)","7CA78D184AAA75067F363BC6D7A4600BE6A2C26559A2E224FBFDE7082663D532","helper-mediated","ChatpadTraceDeviceEvent","ChatpadTraceDeviceEvent>ChatpadTrace","src/driver/ChatpadFilter/device.c","ChatpadTraceDeviceEvent","68","CFAC3B39255B8D5290805D550A1A41B77BF646F9B90051BDD6D12EE6F7E50674","src/driver/ChatpadFilter/device.c:1224:ChatpadTraceDeviceEvent","false",""
"2","1501","LIFECYCLE_INIT_PASSED","lifecycle","src/driver/ChatpadFilter/device.c","ChatpadEvtDeviceAdd","1235","ChatpadTraceDeviceEvent( context, TRACE_LEVEL_INFORMATION, CHATPAD_TRACE_LIFECYCLE, CHATPAD_RUNTIME_EVENT_LIFECYCLE_INIT_PASSED, STATUS_SUCCESS, 0u, (ULONG)lifecycleResult, 0u)","C414347567560C36A3F1B234EE0E577CAC1ABC59015241733E948798C99E8926","helper-mediated","ChatpadTraceDeviceEvent","ChatpadTraceDeviceEvent>ChatpadTrace","src/driver/ChatpadFilter/device.c","ChatpadTraceDeviceEvent","68","CFAC3B39255B8D5290805D550A1A41B77BF646F9B90051BDD6D12EE6F7E50674","src/driver/ChatpadFilter/device.c:1235:ChatpadTraceDeviceEvent","false",""
"2","1502","LIFECYCLE_INIT_FAILED","lifecycle","src/driver/ChatpadFilter/device.c","ChatpadEvtDeviceAdd","1268","ChatpadTraceDeviceEvent( context, TRACE_LEVEL_ERROR, CHATPAD_TRACE_LIFECYCLE, CHATPAD_RUNTIME_EVENT_LIFECYCLE_INIT_FAILED, ChatpadLifecycleResultToStatus(lifecycleResult), 0u, (ULONG)lifecycleResult, 0u)","4B255A4335DD4A15F176F7BB14EF54B9E93F0630BEA88D2521A9FEB5FDDAF6EB","helper-mediated","ChatpadTraceDeviceEvent","ChatpadTraceDeviceEvent>ChatpadTrace","src/driver/ChatpadFilter/device.c","ChatpadTraceDeviceEvent","68","CFAC3B39255B8D5290805D550A1A41B77BF646F9B90051BDD6D12EE6F7E50674","src/driver/ChatpadFilter/device.c:1268:ChatpadTraceDeviceEvent","false",""
"2","1503","MARK_DEVICE_CREATED_STARTED","lifecycle","src/driver/ChatpadFilter/device.c","ChatpadEvtDeviceAdd","1244","ChatpadTraceDeviceEvent( context, TRACE_LEVEL_INFORMATION, CHATPAD_TRACE_LIFECYCLE, CHATPAD_RUNTIME_EVENT_MARK_DEVICE_CREATED_STARTED, STATUS_SUCCESS, 0u, 0u, 0u)","3CFC43FC76629BC44AEBB0FE399EF51FFC8966D95D172857567CC7626138952C","helper-mediated","ChatpadTraceDeviceEvent","ChatpadTraceDeviceEvent>ChatpadTrace","src/driver/ChatpadFilter/device.c","ChatpadTraceDeviceEvent","68","CFAC3B39255B8D5290805D550A1A41B77BF646F9B90051BDD6D12EE6F7E50674","src/driver/ChatpadFilter/device.c:1244:ChatpadTraceDeviceEvent","false",""
"2","1504","MARK_DEVICE_CREATED_PASSED","lifecycle","src/driver/ChatpadFilter/device.c","ChatpadEvtDeviceAdd","1254","ChatpadTraceDeviceEvent( context, lifecycleResult == CHATPAD_FILTER_LIFECYCLE_OK ? TRACE_LEVEL_INFORMATION : TRACE_LEVEL_ERROR, CHATPAD_TRACE_LIFECYCLE, lifecycleResult == CHATPAD_FILTER_LIFECYCLE_OK ? CHATPAD_RUNTIME_EVENT_MARK_DEVICE_CREATED_PASSED : CHATPAD_RUNTIME_EVENT_MARK_DEVICE_CREATED_FAILED, ChatpadLifecycleResultToStatus(lifecycleResult), 0u, (ULONG)lifecycleResult, 0u)","4C5C34EC09E69567A2A51E82B5F51F3700E8086240247A047A1641A160A05405","helper-mediated","ChatpadTraceDeviceEvent","ChatpadTraceDeviceEvent>ChatpadTrace","src/driver/ChatpadFilter/device.c","ChatpadTraceDeviceEvent","68","CFAC3B39255B8D5290805D550A1A41B77BF646F9B90051BDD6D12EE6F7E50674","src/driver/ChatpadFilter/device.c:1254:ChatpadTraceDeviceEvent","true",""
"2","1505","MARK_DEVICE_CREATED_FAILED","lifecycle","src/driver/ChatpadFilter/device.c","ChatpadEvtDeviceAdd","1254","ChatpadTraceDeviceEvent( context, lifecycleResult == CHATPAD_FILTER_LIFECYCLE_OK ? TRACE_LEVEL_INFORMATION : TRACE_LEVEL_ERROR, CHATPAD_TRACE_LIFECYCLE, lifecycleResult == CHATPAD_FILTER_LIFECYCLE_OK ? CHATPAD_RUNTIME_EVENT_MARK_DEVICE_CREATED_PASSED : CHATPAD_RUNTIME_EVENT_MARK_DEVICE_CREATED_FAILED, ChatpadLifecycleResultToStatus(lifecycleResult), 0u, (ULONG)lifecycleResult, 0u)","4C5C34EC09E69567A2A51E82B5F51F3700E8086240247A047A1641A160A05405","helper-mediated","ChatpadTraceDeviceEvent","ChatpadTraceDeviceEvent>ChatpadTrace","src/driver/ChatpadFilter/device.c","ChatpadTraceDeviceEvent","68","CFAC3B39255B8D5290805D550A1A41B77BF646F9B90051BDD6D12EE6F7E50674","src/driver/ChatpadFilter/device.c:1254:ChatpadTraceDeviceEvent","true",""
"2","1600","ROLLBACK_STARTED","cleanup-rollback","src/driver/ChatpadKmdfRequestOwnerContext/ChatpadKmdfRequestOwnerContext.c","ChatpadKmdfRequestOwnerRollbackPartialCreation","1445","ChatpadKmdfTraceOwnerEvent( owner, TRACE_LEVEL_INFORMATION, CHATPAD_TRACE_CLEANUP, CHATPAD_RUNTIME_EVENT_ROLLBACK_STARTED, STATUS_SUCCESS, (ULONG)state, (ULONG)owner->InitializationMask, 0u)","4ADCF56C6A0537A11E82F7DDE919493E1ADFB86B92C9FF1E8AE68AE90EFB8B30","helper-mediated","ChatpadKmdfTraceOwnerEvent","ChatpadKmdfTraceOwnerEvent>ChatpadTrace","src/driver/ChatpadKmdfRequestOwnerContext/ChatpadKmdfRequestOwnerContext.c","ChatpadKmdfTraceOwnerEvent","101","7CF9BA8BF04CDB5A10D8B3F314E3A2985984132ACBEC57509D9DB8779EF4D799","src/driver/ChatpadKmdfRequestOwnerContext/ChatpadKmdfRequestOwnerContext.c:1445:ChatpadKmdfTraceOwnerEvent","false",""
"2","1601","ROLLBACK_REASON","cleanup-rollback","src/driver/ChatpadKmdfRequestOwnerContext/ChatpadKmdfRequestOwnerContext.c","ChatpadKmdfRequestOwnerCreateDormantObjectGraph","2019","ChatpadKmdfTraceOwnerEvent( owner, TRACE_LEVEL_INFORMATION, CHATPAD_TRACE_CLEANUP, CHATPAD_RUNTIME_EVENT_ROLLBACK_REASON, STATUS_SUCCESS, (ULONG)report->FailedStage, (ULONG)orchestrationResult, report->HighestPartialInitializationMask)","9272E042B36AA33E6778B3F95F01F12C6EB1971F38AD61F22151435BCF0AA701","helper-mediated","ChatpadKmdfTraceOwnerEvent","ChatpadKmdfTraceOwnerEvent>ChatpadTrace","src/driver/ChatpadKmdfRequestOwnerContext/ChatpadKmdfRequestOwnerContext.c","ChatpadKmdfTraceOwnerEvent","101","7CF9BA8BF04CDB5A10D8B3F314E3A2985984132ACBEC57509D9DB8779EF4D799","src/driver/ChatpadKmdfRequestOwnerContext/ChatpadKmdfRequestOwnerContext.c:2019:ChatpadKmdfTraceOwnerEvent","false",""
"2","1602","ROLLBACK_OBJECT_SNAPSHOT_BEFORE","cleanup-rollback","src/driver/ChatpadKmdfRequestOwnerContext/ChatpadKmdfRequestOwnerContext.c","ChatpadKmdfRequestOwnerRollbackPartialCreation","1454","ChatpadKmdfTraceOwnerSnapshot( owner, TRACE_LEVEL_INFORMATION, CHATPAD_TRACE_CLEANUP, CHATPAD_RUNTIME_EVENT_ROLLBACK_OBJECT_SNAPSHOT_BEFORE, STATUS_SUCCESS, 0u)","02E572FF5536556DC800BB80ADA8D5C81A13BEEB55F93F18C734D28B52E402AD","helper-mediated","ChatpadKmdfTraceOwnerSnapshot","ChatpadKmdfTraceOwnerSnapshot>ChatpadTrace","src/driver/ChatpadKmdfRequestOwnerContext/ChatpadKmdfRequestOwnerContext.c","ChatpadKmdfTraceOwnerSnapshot","145","0967E6E59BA423C0E8D05F8673E582247F7BD1C6997ACDAA7624E5040ACB6D55","src/driver/ChatpadKmdfRequestOwnerContext/ChatpadKmdfRequestOwnerContext.c:1454:ChatpadKmdfTraceOwnerSnapshot","false",""
"2","1603","ROLLBACK_COMPLETED","cleanup-rollback","src/driver/ChatpadKmdfRequestOwnerContext/ChatpadKmdfRequestOwnerContext.c","ChatpadKmdfRequestOwnerRollbackPartialCreation","1467","ChatpadKmdfTraceOwnerEvent( owner, TRACE_LEVEL_INFORMATION, CHATPAD_TRACE_CLEANUP, CHATPAD_RUNTIME_EVENT_ROLLBACK_COMPLETED, STATUS_SUCCESS, (ULONG)state, effects->PriorInitializationMask, effects->ResultingInitializationMask)","8349CA3D748C0D772A362BAB1C29C92E98BDEED365F3480F80B94DA15C0BC053","helper-mediated","ChatpadKmdfTraceOwnerEvent","ChatpadKmdfTraceOwnerEvent>ChatpadTrace","src/driver/ChatpadKmdfRequestOwnerContext/ChatpadKmdfRequestOwnerContext.c","ChatpadKmdfTraceOwnerEvent","101","7CF9BA8BF04CDB5A10D8B3F314E3A2985984132ACBEC57509D9DB8779EF4D799","src/driver/ChatpadKmdfRequestOwnerContext/ChatpadKmdfRequestOwnerContext.c:1467:ChatpadKmdfTraceOwnerEvent","false",""
"2","1603","ROLLBACK_COMPLETED","cleanup-rollback","src/driver/ChatpadKmdfRequestOwnerContext/ChatpadKmdfRequestOwnerContext.c","ChatpadKmdfRequestOwnerRollbackPartialCreation","1532","ChatpadKmdfTraceOwnerEvent( owner, TRACE_LEVEL_INFORMATION, CHATPAD_TRACE_CLEANUP, CHATPAD_RUNTIME_EVENT_ROLLBACK_COMPLETED, STATUS_SUCCESS, (ULONG)state, effects->PriorInitializationMask, effects->ResultingInitializationMask)","8349CA3D748C0D772A362BAB1C29C92E98BDEED365F3480F80B94DA15C0BC053","helper-mediated","ChatpadKmdfTraceOwnerEvent","ChatpadKmdfTraceOwnerEvent>ChatpadTrace","src/driver/ChatpadKmdfRequestOwnerContext/ChatpadKmdfRequestOwnerContext.c","ChatpadKmdfTraceOwnerEvent","101","7CF9BA8BF04CDB5A10D8B3F314E3A2985984132ACBEC57509D9DB8779EF4D799","src/driver/ChatpadKmdfRequestOwnerContext/ChatpadKmdfRequestOwnerContext.c:1532:ChatpadKmdfTraceOwnerEvent","false",""
"2","1604","ROLLBACK_OBJECT_SNAPSHOT_AFTER","cleanup-rollback","src/driver/ChatpadKmdfRequestOwnerContext/ChatpadKmdfRequestOwnerContext.c","ChatpadKmdfRequestOwnerRollbackPartialCreation","1476","ChatpadKmdfTraceOwnerSnapshot( owner, TRACE_LEVEL_INFORMATION, CHATPAD_TRACE_CLEANUP, CHATPAD_RUNTIME_EVENT_ROLLBACK_OBJECT_SNAPSHOT_AFTER, STATUS_SUCCESS, 0u)","D2C396373DA3F9386AFE61A84FE4A6A63147BBA69DE67F61829177E5054C196D","helper-mediated","ChatpadKmdfTraceOwnerSnapshot","ChatpadKmdfTraceOwnerSnapshot>ChatpadTrace","src/driver/ChatpadKmdfRequestOwnerContext/ChatpadKmdfRequestOwnerContext.c","ChatpadKmdfTraceOwnerSnapshot","145","0967E6E59BA423C0E8D05F8673E582247F7BD1C6997ACDAA7624E5040ACB6D55","src/driver/ChatpadKmdfRequestOwnerContext/ChatpadKmdfRequestOwnerContext.c:1476:ChatpadKmdfTraceOwnerSnapshot","false",""
"2","1604","ROLLBACK_OBJECT_SNAPSHOT_AFTER","cleanup-rollback","src/driver/ChatpadKmdfRequestOwnerContext/ChatpadKmdfRequestOwnerContext.c","ChatpadKmdfRequestOwnerRollbackPartialCreation","1541","ChatpadKmdfTraceOwnerSnapshot( owner, TRACE_LEVEL_INFORMATION, CHATPAD_TRACE_CLEANUP, CHATPAD_RUNTIME_EVENT_ROLLBACK_OBJECT_SNAPSHOT_AFTER, STATUS_SUCCESS, 0u)","D2C396373DA3F9386AFE61A84FE4A6A63147BBA69DE67F61829177E5054C196D","helper-mediated","ChatpadKmdfTraceOwnerSnapshot","ChatpadKmdfTraceOwnerSnapshot>ChatpadTrace","src/driver/ChatpadKmdfRequestOwnerContext/ChatpadKmdfRequestOwnerContext.c","ChatpadKmdfTraceOwnerSnapshot","145","0967E6E59BA423C0E8D05F8673E582247F7BD1C6997ACDAA7624E5040ACB6D55","src/driver/ChatpadKmdfRequestOwnerContext/ChatpadKmdfRequestOwnerContext.c:1541:ChatpadKmdfTraceOwnerSnapshot","false",""
"2","1605","DEVICE_CONTEXT_CLEANUP_ENTERED","cleanup-rollback","src/driver/ChatpadFilter/device.c","ChatpadEvtDeviceContextCleanup","1303","ChatpadTraceDeviceEvent( context, TRACE_LEVEL_INFORMATION, CHATPAD_TRACE_CLEANUP, CHATPAD_RUNTIME_EVENT_DEVICE_CONTEXT_CLEANUP_ENTERED, STATUS_SUCCESS, 0u, 0u, 0u)","0C2BD5B513C6E59B480A239CBDDACF04089F57AE07D7B2288FDE5B03DDED7FC4","helper-mediated","ChatpadTraceDeviceEvent","ChatpadTraceDeviceEvent>ChatpadTrace","src/driver/ChatpadFilter/device.c","ChatpadTraceDeviceEvent","75","D2DBC3BE5C9266992DD7F7E620C965070330C9356250D574C38D52B385933500","src/driver/ChatpadFilter/device.c:1303:ChatpadTraceDeviceEvent","false",""
"2","1606","DEVICE_CONTEXT_CLEANUP_SNAPSHOT","cleanup-rollback","src/driver/ChatpadFilter/device.c","ChatpadEvtDeviceContextCleanup","1319","ChatpadTrace(TRACE_LEVEL_INFORMATION, CHATPAD_TRACE_CLEANUP, ""EventId=%lu EventName=%s AttemptId=%I64u Sequence=%I64u SchemaVersion=%lu TargetDiscovery=%lu TargetOpen=%lu TargetAssignment=%lu RequestFormat=%lu RequestReuse=%lu RequestSend=%lu Completion=%lu Cancellation=%lu ProtocolTraffic=%lu KeyboardInjection=%lu D0OwnerObservation=%lu RemovalRundownObservation=%lu FirstTransitionMask=0x%08X CounterOverflowMask=0x%08X CounterSnapshotEmitted=%u FinalSnapshotState=%u BookkeepingLockPresent=%u ReusableRequestPresent=%u OutboundMemoryPresent=%u InboundMemoryPresent=%u OwnerReady=%u Faulted=%u StructuralReady=%u TerminalEmitted=%u TerminalSucceeded=%u TerminalStatus=0x%08X"", (ULONG)CHATPAD_RUNTIME_EVENT_DEVICE_CONTEXT_CLEANUP_SNAPSHOT, ChatpadRuntimeTraceEventName(CHATPAD_RUNTIME_EVENT_DEVICE_CONTEXT_CLEANUP_SNAPSHOT), (unsigned long long)context->RuntimeDiagnostics.AttemptId, (unsigned long long)sequence, CHATPAD_RUNTIME_TRACE_SCHEMA_VERSION, counters.Value[CHATPAD_RUNTIME_COUNTER_TARGET_DISCOVERY], counters.Value[CHATPAD_RUNTIME_COUNTER_TARGET_OPEN], counters.Value[CHATPAD_RUNTIME_COUNTER_TARGET_ASSIGNMENT], counters.Value[CHATPAD_RUNTIME_COUNTER_REQUEST_FORMAT], counters.Value[CHATPAD_RUNTIME_COUNTER_REQUEST_REUSE], counters.Value[CHATPAD_RUNTIME_COUNTER_REQUEST_SEND], counters.Value[CHATPAD_RUNTIME_COUNTER_COMPLETION], counters.Value[CHATPAD_RUNTIME_COUNTER_CANCELLATION], counters.Value[CHATPAD_RUNTIME_COUNTER_PROTOCOL_TRAFFIC], counters.Value[CHATPAD_RUNTIME_COUNTER_KEYBOARD_INJECTION], counters.Value[CHATPAD_RUNTIME_COUNTER_D0_OWNER_OBSERVATION], counters.Value[CHATPAD_RUNTIME_COUNTER_REMOVAL_RUNDOWN], counters.FirstTransitionMask, counters.OverflowMask, (unsigned int)context->RuntimeDiagnostics.CounterSnapshotEmitted, (unsigned int)context->RuntimeDiagnostics.FinalSnapshotEmitted, (unsigned int)objects.BookkeepingLockPresent, (unsigned int)objects.ReusableRequestPresent, (unsigned int)objects.OutboundMemoryPresent, (unsigned int)objects.InboundMemoryPresent, (unsigned int)objects.OwnerReady, (unsigned int)objects.Faulted, (unsigned int)context->RuntimeDiagnostics.StructuralReady, (unsigned int)context->RuntimeDiagnostics.TerminalEmitted, (unsigned int)context->RuntimeDiagnostics.TerminalSucceeded, (ULONG)context->RuntimeDiagnostics.TerminalStatus)","AD6DAC628C6DCF3D09983996CCF43CBA757190E62BD66CC0C81A39931BD42B1E","direct-wpp","ChatpadTrace","ChatpadTrace","src/driver/ChatpadFilter/device.c","ChatpadEvtDeviceContextCleanup","1319","AD6DAC628C6DCF3D09983996CCF43CBA757190E62BD66CC0C81A39931BD42B1E","src/driver/ChatpadFilter/device.c:1319:ChatpadTrace","false",""
"2","1607","DEVICE_CONTEXT_CLEANUP_COMPLETED","cleanup-rollback","src/driver/ChatpadFilter/device.c","ChatpadEvtDeviceContextCleanup","1419","ChatpadTraceDeviceEvent( context, TRACE_LEVEL_INFORMATION, CHATPAD_TRACE_CLEANUP, CHATPAD_RUNTIME_EVENT_DEVICE_CONTEXT_CLEANUP_COMPLETED, STATUS_SUCCESS, 0u, 0u, 0u)","F74F0FCFE54D86BDED9B461F353B8EBF4E791EEF9AF28D97487EA1FE22B1FE76","helper-mediated","ChatpadTraceDeviceEvent","ChatpadTraceDeviceEvent>ChatpadTrace","src/driver/ChatpadFilter/device.c","ChatpadTraceDeviceEvent","75","D2DBC3BE5C9266992DD7F7E620C965070330C9356250D574C38D52B385933500","src/driver/ChatpadFilter/device.c:1419:ChatpadTraceDeviceEvent","false",""
"2","1608","CLEANUP_INVARIANT_VIOLATION","cleanup-rollback","src/driver/ChatpadFilter/device.c","ChatpadEvtDeviceContextCleanup","1406","ChatpadTraceDeviceEvent( context, TRACE_LEVEL_ERROR, CHATPAD_TRACE_CLEANUP, CHATPAD_RUNTIME_EVENT_CLEANUP_INVARIANT_VIOLATION, STATUS_INVALID_DEVICE_STATE, 0u, invariantMask, 0u)","F7E277756940FBCE6C7183404F8060EA72BFFDCF502261CB9F567CB36B372491","helper-mediated","ChatpadTraceDeviceEvent","ChatpadTraceDeviceEvent>ChatpadTrace","src/driver/ChatpadFilter/device.c","ChatpadTraceDeviceEvent","75","D2DBC3BE5C9266992DD7F7E620C965070330C9356250D574C38D52B385933500","src/driver/ChatpadFilter/device.c:1406:ChatpadTraceDeviceEvent","false",""
"2","1700","PROHIBITED_COUNTERS_INITIALIZED","prohibited-counter","src/driver/ChatpadFilter/device.c","ChatpadEvtDeviceAdd","958","ChatpadTrace(TRACE_LEVEL_INFORMATION, CHATPAD_TRACE_PROHIBITED_COUNTERS, ""EventId=%lu EventName=%s AttemptId=%I64u Sequence=%I64u SchemaVersion=%lu TargetDiscovery=%lu TargetOpen=%lu TargetAssignment=%lu RequestFormat=%lu RequestReuse=%lu RequestSend=%lu Completion=%lu Cancellation=%lu ProtocolTraffic=%lu KeyboardInjection=%lu D0OwnerObservation=%lu RemovalRundownObservation=%lu FirstTransitionMask=0x%08X OverflowMask=0x%08X"", (ULONG)CHATPAD_RUNTIME_EVENT_PROHIBITED_COUNTERS_INITIALIZED, ChatpadRuntimeTraceEventName( CHATPAD_RUNTIME_EVENT_PROHIBITED_COUNTERS_INITIALIZED), (unsigned long long)context->RuntimeDiagnostics.AttemptId, (unsigned long long)sequence, CHATPAD_RUNTIME_TRACE_SCHEMA_VERSION, 0u, 0u, 0u, 0u, 0u, 0u, 0u, 0u, 0u, 0u, 0u, 0u, 0u, 0u)","EC2950301142DD0859ADF6E31744C6EE573D155BF42864B18F18F9B0C88B4AC4","direct-wpp","ChatpadTrace","ChatpadTrace","src/driver/ChatpadFilter/device.c","ChatpadEvtDeviceAdd","958","EC2950301142DD0859ADF6E31744C6EE573D155BF42864B18F18F9B0C88B4AC4","src/driver/ChatpadFilter/device.c:958:ChatpadTrace","false",""
"2","1701","TARGET_DISCOVERY_COUNTER_NONZERO","prohibited-counter","src/driver/ChatpadFilter/device.c","ChatpadEmitProhibitedCounterEvent","243","ChatpadTraceDeviceEvent(context, TRACE_LEVEL_ERROR, CHATPAD_TRACE_PROHIBITED_COUNTERS, CHATPAD_RUNTIME_EVENT_TARGET_DISCOVERY_COUNTER_NONZERO, STATUS_INVALID_DEVICE_STATE, 0u, value, 0u)","EB8DDA0D1228DE3E0C46EB534471DB4F5054592F796A25DA8597E2CB02FD3912","helper-mediated","ChatpadTraceDeviceEvent","ChatpadTraceDeviceEvent>ChatpadTrace","src/driver/ChatpadFilter/device.c","ChatpadTraceDeviceEvent","89","7A2B421CE2A76A3E2503D820F833FB202557AB8A01DE43417EAA8733E1F8BF1D","src/driver/ChatpadFilter/device.c:243:ChatpadTraceDeviceEvent","false",""
"2","1702","TARGET_OPEN_COUNTER_NONZERO","prohibited-counter","src/driver/ChatpadFilter/device.c","ChatpadEmitProhibitedCounterEvent","246","ChatpadTraceDeviceEvent(context, TRACE_LEVEL_ERROR, CHATPAD_TRACE_PROHIBITED_COUNTERS, CHATPAD_RUNTIME_EVENT_TARGET_OPEN_COUNTER_NONZERO, STATUS_INVALID_DEVICE_STATE, 0u, value, 0u)","AD41B6506DADD274A0F633B94B87D9D1D7660AF6A15FA4BD75C397ADAE5D55F0","helper-mediated","ChatpadTraceDeviceEvent","ChatpadTraceDeviceEvent>ChatpadTrace","src/driver/ChatpadFilter/device.c","ChatpadTraceDeviceEvent","89","7A2B421CE2A76A3E2503D820F833FB202557AB8A01DE43417EAA8733E1F8BF1D","src/driver/ChatpadFilter/device.c:246:ChatpadTraceDeviceEvent","false",""
"2","1703","TARGET_ASSIGNMENT_COUNTER_NONZERO","prohibited-counter","src/driver/ChatpadFilter/device.c","ChatpadEmitProhibitedCounterEvent","249","ChatpadTraceDeviceEvent(context, TRACE_LEVEL_ERROR, CHATPAD_TRACE_PROHIBITED_COUNTERS, CHATPAD_RUNTIME_EVENT_TARGET_ASSIGNMENT_COUNTER_NONZERO, STATUS_INVALID_DEVICE_STATE, 0u, value, 0u)","45B3D29FB0CA2D1F50D5C547334D334C91A26F896AB35736AAC997DCF486B0FA","helper-mediated","ChatpadTraceDeviceEvent","ChatpadTraceDeviceEvent>ChatpadTrace","src/driver/ChatpadFilter/device.c","ChatpadTraceDeviceEvent","89","7A2B421CE2A76A3E2503D820F833FB202557AB8A01DE43417EAA8733E1F8BF1D","src/driver/ChatpadFilter/device.c:249:ChatpadTraceDeviceEvent","false",""
"2","1704","REQUEST_FORMAT_COUNTER_NONZERO","prohibited-counter","src/driver/ChatpadFilter/device.c","ChatpadEmitProhibitedCounterEvent","252","ChatpadTraceDeviceEvent(context, TRACE_LEVEL_ERROR, CHATPAD_TRACE_PROHIBITED_COUNTERS, CHATPAD_RUNTIME_EVENT_REQUEST_FORMAT_COUNTER_NONZERO, STATUS_INVALID_DEVICE_STATE, 0u, value, 0u)","95241ACE115C4AC6138FD33F13E4B1B8AC41F20384E5F5F983713F4061198AAF","helper-mediated","ChatpadTraceDeviceEvent","ChatpadTraceDeviceEvent>ChatpadTrace","src/driver/ChatpadFilter/device.c","ChatpadTraceDeviceEvent","89","7A2B421CE2A76A3E2503D820F833FB202557AB8A01DE43417EAA8733E1F8BF1D","src/driver/ChatpadFilter/device.c:252:ChatpadTraceDeviceEvent","false",""
"2","1705","REQUEST_REUSE_COUNTER_NONZERO","prohibited-counter","src/driver/ChatpadFilter/device.c","ChatpadEmitProhibitedCounterEvent","255","ChatpadTraceDeviceEvent(context, TRACE_LEVEL_ERROR, CHATPAD_TRACE_PROHIBITED_COUNTERS, CHATPAD_RUNTIME_EVENT_REQUEST_REUSE_COUNTER_NONZERO, STATUS_INVALID_DEVICE_STATE, 0u, value, 0u)","B367EA94E48EE88B991D8B159B9C75CC29D48E114DD89316DAE136181A91966E","helper-mediated","ChatpadTraceDeviceEvent","ChatpadTraceDeviceEvent>ChatpadTrace","src/driver/ChatpadFilter/device.c","ChatpadTraceDeviceEvent","89","7A2B421CE2A76A3E2503D820F833FB202557AB8A01DE43417EAA8733E1F8BF1D","src/driver/ChatpadFilter/device.c:255:ChatpadTraceDeviceEvent","false",""
"2","1706","REQUEST_SEND_COUNTER_NONZERO","prohibited-counter","src/driver/ChatpadFilter/device.c","ChatpadEmitProhibitedCounterEvent","258","ChatpadTraceDeviceEvent(context, TRACE_LEVEL_ERROR, CHATPAD_TRACE_PROHIBITED_COUNTERS, CHATPAD_RUNTIME_EVENT_REQUEST_SEND_COUNTER_NONZERO, STATUS_INVALID_DEVICE_STATE, 0u, value, 0u)","E64BE3ED212F7FD20B15910E52002C6771CAB334401F7FAC59E314350D51E89C","helper-mediated","ChatpadTraceDeviceEvent","ChatpadTraceDeviceEvent>ChatpadTrace","src/driver/ChatpadFilter/device.c","ChatpadTraceDeviceEvent","89","7A2B421CE2A76A3E2503D820F833FB202557AB8A01DE43417EAA8733E1F8BF1D","src/driver/ChatpadFilter/device.c:258:ChatpadTraceDeviceEvent","false",""
"2","1707","COMPLETION_COUNTER_NONZERO","prohibited-counter","src/driver/ChatpadFilter/device.c","ChatpadEmitProhibitedCounterEvent","261","ChatpadTraceDeviceEvent(context, TRACE_LEVEL_ERROR, CHATPAD_TRACE_PROHIBITED_COUNTERS, CHATPAD_RUNTIME_EVENT_COMPLETION_COUNTER_NONZERO, STATUS_INVALID_DEVICE_STATE, 0u, value, 0u)","C06F84242A59C9CEBECAEF2E36EBF820A047FD1A1397154545F0D3B9241FB059","helper-mediated","ChatpadTraceDeviceEvent","ChatpadTraceDeviceEvent>ChatpadTrace","src/driver/ChatpadFilter/device.c","ChatpadTraceDeviceEvent","89","7A2B421CE2A76A3E2503D820F833FB202557AB8A01DE43417EAA8733E1F8BF1D","src/driver/ChatpadFilter/device.c:261:ChatpadTraceDeviceEvent","false",""
"2","1708","CANCELLATION_COUNTER_NONZERO","prohibited-counter","src/driver/ChatpadFilter/device.c","ChatpadEmitProhibitedCounterEvent","264","ChatpadTraceDeviceEvent(context, TRACE_LEVEL_ERROR, CHATPAD_TRACE_PROHIBITED_COUNTERS, CHATPAD_RUNTIME_EVENT_CANCELLATION_COUNTER_NONZERO, STATUS_INVALID_DEVICE_STATE, 0u, value, 0u)","765E0EBD86C64B5F9F557B3589A3C57D92BD83E4D9C23F0CAE632B04FE5C2575","helper-mediated","ChatpadTraceDeviceEvent","ChatpadTraceDeviceEvent>ChatpadTrace","src/driver/ChatpadFilter/device.c","ChatpadTraceDeviceEvent","89","7A2B421CE2A76A3E2503D820F833FB202557AB8A01DE43417EAA8733E1F8BF1D","src/driver/ChatpadFilter/device.c:264:ChatpadTraceDeviceEvent","false",""
"2","1709","PROTOCOL_TRAFFIC_COUNTER_NONZERO","prohibited-counter","src/driver/ChatpadFilter/device.c","ChatpadEmitProhibitedCounterEvent","267","ChatpadTraceDeviceEvent(context, TRACE_LEVEL_ERROR, CHATPAD_TRACE_PROHIBITED_COUNTERS, CHATPAD_RUNTIME_EVENT_PROTOCOL_TRAFFIC_COUNTER_NONZERO, STATUS_INVALID_DEVICE_STATE, 0u, value, 0u)","085B046EB2D5CB2E0686E0D2C2C1F35C81D02E4BD15E0E305410A5287B22D5C6","helper-mediated","ChatpadTraceDeviceEvent","ChatpadTraceDeviceEvent>ChatpadTrace","src/driver/ChatpadFilter/device.c","ChatpadTraceDeviceEvent","89","7A2B421CE2A76A3E2503D820F833FB202557AB8A01DE43417EAA8733E1F8BF1D","src/driver/ChatpadFilter/device.c:267:ChatpadTraceDeviceEvent","false",""
"2","1710","KEYBOARD_INJECTION_COUNTER_NONZERO","prohibited-counter","src/driver/ChatpadFilter/device.c","ChatpadEmitProhibitedCounterEvent","270","ChatpadTraceDeviceEvent(context, TRACE_LEVEL_ERROR, CHATPAD_TRACE_PROHIBITED_COUNTERS, CHATPAD_RUNTIME_EVENT_KEYBOARD_INJECTION_COUNTER_NONZERO, STATUS_INVALID_DEVICE_STATE, 0u, value, 0u)","A1D5734D8B16C04841FC49D907AB8E3E3EF8F820DFC41E1647CDE61A165B028B","helper-mediated","ChatpadTraceDeviceEvent","ChatpadTraceDeviceEvent>ChatpadTrace","src/driver/ChatpadFilter/device.c","ChatpadTraceDeviceEvent","89","7A2B421CE2A76A3E2503D820F833FB202557AB8A01DE43417EAA8733E1F8BF1D","src/driver/ChatpadFilter/device.c:270:ChatpadTraceDeviceEvent","false",""
"2","1711","D0_OWNER_OBSERVER_COUNTER_NONZERO","prohibited-counter","src/driver/ChatpadFilter/device.c","ChatpadEmitProhibitedCounterEvent","273","ChatpadTraceDeviceEvent(context, TRACE_LEVEL_ERROR, CHATPAD_TRACE_PROHIBITED_COUNTERS, CHATPAD_RUNTIME_EVENT_D0_OWNER_OBSERVER_COUNTER_NONZERO, STATUS_INVALID_DEVICE_STATE, 0u, value, 0u)","FB4F66D057FBF49EB0A9534723E92B6F4C1A7695102E6D655AB9CFF7FB449D42","helper-mediated","ChatpadTraceDeviceEvent","ChatpadTraceDeviceEvent>ChatpadTrace","src/driver/ChatpadFilter/device.c","ChatpadTraceDeviceEvent","89","7A2B421CE2A76A3E2503D820F833FB202557AB8A01DE43417EAA8733E1F8BF1D","src/driver/ChatpadFilter/device.c:273:ChatpadTraceDeviceEvent","false",""
"2","1712","REMOVAL_RUNDOWN_COUNTER_NONZERO","prohibited-counter","src/driver/ChatpadFilter/device.c","ChatpadEmitProhibitedCounterEvent","276","ChatpadTraceDeviceEvent(context, TRACE_LEVEL_ERROR, CHATPAD_TRACE_PROHIBITED_COUNTERS, CHATPAD_RUNTIME_EVENT_REMOVAL_RUNDOWN_COUNTER_NONZERO, STATUS_INVALID_DEVICE_STATE, 0u, value, 0u)","454CB0B67EED65AE474664F1A7F397ECFDC9047ED427368A027111938D44975E","helper-mediated","ChatpadTraceDeviceEvent","ChatpadTraceDeviceEvent>ChatpadTrace","src/driver/ChatpadFilter/device.c","ChatpadTraceDeviceEvent","89","7A2B421CE2A76A3E2503D820F833FB202557AB8A01DE43417EAA8733E1F8BF1D","src/driver/ChatpadFilter/device.c:276:ChatpadTraceDeviceEvent","false",""
"2","1713","PROHIBITED_COUNTERS_FINAL_SNAPSHOT","prohibited-counter","src/driver/ChatpadFilter/device.c","ChatpadEmitCounterSnapshot","365","ChatpadTrace(TRACE_LEVEL_INFORMATION, CHATPAD_TRACE_PROHIBITED_COUNTERS, ""EventId=%lu EventName=%s AttemptId=%I64u Sequence=%I64u SchemaVersion=%lu TargetDiscovery=%lu TargetOpen=%lu TargetAssignment=%lu RequestFormat=%lu RequestReuse=%lu RequestSend=%lu Completion=%lu Cancellation=%lu ProtocolTraffic=%lu KeyboardInjection=%lu D0OwnerObservation=%lu RemovalRundownObservation=%lu FirstTransitionMask=0x%08X OverflowMask=0x%08X"", (ULONG)CHATPAD_RUNTIME_EVENT_PROHIBITED_COUNTERS_FINAL_SNAPSHOT, ChatpadRuntimeTraceEventName(CHATPAD_RUNTIME_EVENT_PROHIBITED_COUNTERS_FINAL_SNAPSHOT), (unsigned long long)context->RuntimeDiagnostics.AttemptId, (unsigned long long)sequence, CHATPAD_RUNTIME_TRACE_SCHEMA_VERSION, snapshot.Value[CHATPAD_RUNTIME_COUNTER_TARGET_DISCOVERY], snapshot.Value[CHATPAD_RUNTIME_COUNTER_TARGET_OPEN], snapshot.Value[CHATPAD_RUNTIME_COUNTER_TARGET_ASSIGNMENT], snapshot.Value[CHATPAD_RUNTIME_COUNTER_REQUEST_FORMAT], snapshot.Value[CHATPAD_RUNTIME_COUNTER_REQUEST_REUSE], snapshot.Value[CHATPAD_RUNTIME_COUNTER_REQUEST_SEND], snapshot.Value[CHATPAD_RUNTIME_COUNTER_COMPLETION], snapshot.Value[CHATPAD_RUNTIME_COUNTER_CANCELLATION], snapshot.Value[CHATPAD_RUNTIME_COUNTER_PROTOCOL_TRAFFIC], snapshot.Value[CHATPAD_RUNTIME_COUNTER_KEYBOARD_INJECTION], snapshot.Value[CHATPAD_RUNTIME_COUNTER_D0_OWNER_OBSERVATION], snapshot.Value[CHATPAD_RUNTIME_COUNTER_REMOVAL_RUNDOWN], snapshot.FirstTransitionMask, snapshot.OverflowMask)","CBD5ACBC293A4B029744A6DE22C206048CC276A6753E62C58636E27D7274B6B1","direct-wpp","ChatpadTrace","ChatpadTrace","src/driver/ChatpadFilter/device.c","ChatpadEmitCounterSnapshot","365","CBD5ACBC293A4B029744A6DE22C206048CC276A6753E62C58636E27D7274B6B1","src/driver/ChatpadFilter/device.c:365:ChatpadTrace","false",""
"2","1713","PROHIBITED_COUNTERS_FINAL_SNAPSHOT","prohibited-counter","src/driver/ChatpadFilter/device.c","ChatpadTracePreContextTerminal","512","ChatpadTrace(TRACE_LEVEL_INFORMATION, CHATPAD_TRACE_PROHIBITED_COUNTERS, ""EventId=%lu EventName=%s AttemptId=%I64u Sequence=%I64u SchemaVersion=%lu TargetDiscovery=%lu TargetOpen=%lu TargetAssignment=%lu RequestFormat=%lu RequestReuse=%lu RequestSend=%lu Completion=%lu Cancellation=%lu ProtocolTraffic=%lu KeyboardInjection=%lu D0OwnerObservation=%lu RemovalRundownObservation=%lu FirstTransitionMask=0x%08X OverflowMask=0x%08X"", (ULONG)CHATPAD_RUNTIME_EVENT_PROHIBITED_COUNTERS_FINAL_SNAPSHOT, ChatpadRuntimeTraceEventName(CHATPAD_RUNTIME_EVENT_PROHIBITED_COUNTERS_FINAL_SNAPSHOT), (unsigned long long)attempt->AttemptId, (unsigned long long)sequence, CHATPAD_RUNTIME_TRACE_SCHEMA_VERSION, 0u, 0u, 0u, 0u, 0u, 0u, 0u, 0u, 0u, 0u, 0u, 0u, 0u, 0u)","C0FAFDE3114F17AAD36B55420ABEAAA474CDA0D8A87B45CFF0381BCEACC3BF4F","direct-wpp","ChatpadTrace","ChatpadTrace","src/driver/ChatpadFilter/device.c","ChatpadTracePreContextTerminal","512","C0FAFDE3114F17AAD36B55420ABEAAA474CDA0D8A87B45CFF0381BCEACC3BF4F","src/driver/ChatpadFilter/device.c:512:ChatpadTrace","false",""
"2","1800","ATTEMPT_ID_WRAPAROUND","invariant","src/driver/ChatpadFilter/device.c","ChatpadEvtDeviceAdd","872","ChatpadTrace(TRACE_LEVEL_ERROR, CHATPAD_TRACE_INVARIANT, ""EventId=%lu EventName=%s AttemptId=%I64u Sequence=%I64u SchemaVersion=%lu StatusClass=%lu NtStatus=0x%08X Stage=%lu Data0=%lu Data1=%lu"", (ULONG)CHATPAD_RUNTIME_EVENT_ATTEMPT_ID_WRAPAROUND, ChatpadRuntimeTraceEventName(CHATPAD_RUNTIME_EVENT_ATTEMPT_ID_WRAPAROUND), (unsigned long long)attemptId, (unsigned long long)sequence, CHATPAD_RUNTIME_TRACE_SCHEMA_VERSION, (ULONG)ChatpadRuntimeClassifyStatus(status), (ULONG)status, 0u, 0u, 0u)","0D579EF3EE39814FE1A30765138B2D4088DE83A4C5867F8CE701BF8179411290","direct-wpp","ChatpadTrace","ChatpadTrace","src/driver/ChatpadFilter/device.c","ChatpadEvtDeviceAdd","872","0D579EF3EE39814FE1A30765138B2D4088DE83A4C5867F8CE701BF8179411290","src/driver/ChatpadFilter/device.c:872:ChatpadTrace","false",""
"2","1801","EVENT_SEQUENCE_GAP_DETECTED","invariant","src/driver/ChatpadFilter/device.c","ChatpadValidateDiagnosticTransition","423","ChatpadTraceDeviceEvent( context, TRACE_LEVEL_ERROR, CHATPAD_TRACE_INVARIANT, CHATPAD_RUNTIME_EVENT_EVENT_SEQUENCE_GAP_DETECTED, STATUS_INVALID_DEVICE_STATE, 0u, (ULONG)transition, violation)","7EC020A42351D4A07818F45698C40FA156FC6EDA3C9F276516EE805907FB66D5","helper-mediated","ChatpadTraceDeviceEvent","ChatpadTraceDeviceEvent>ChatpadTrace","src/driver/ChatpadFilter/device.c","ChatpadTraceDeviceEvent","82","B1F9071E2CCA7D52275E1FE9FC3615A41403CB640487CF54D41D821AC936C866","src/driver/ChatpadFilter/device.c:423:ChatpadTraceDeviceEvent","false",""
"2","1802","UNEXPECTED_STATUS_MAPPING","invariant","src/driver/ChatpadFilter/device.c","ChatpadOrchestrationResultToStatus","579","ChatpadTraceDeviceEvent( context, TRACE_LEVEL_ERROR, CHATPAD_TRACE_INVARIANT, CHATPAD_RUNTIME_EVENT_UNEXPECTED_STATUS_MAPPING, STATUS_INVALID_DEVICE_STATE, report != NULL ? (ULONG)report->FailedStage : 0u, (ULONG)result, report != NULL ? (ULONG)report->Result : 0u)","1C2D20EB8BB60F549E0651FDC8389E6524AB60519C7B8255E69C315586EE5784","helper-mediated","ChatpadTraceDeviceEvent","ChatpadTraceDeviceEvent>ChatpadTrace","src/driver/ChatpadFilter/device.c","ChatpadTraceDeviceEvent","82","B1F9071E2CCA7D52275E1FE9FC3615A41403CB640487CF54D41D821AC936C866","src/driver/ChatpadFilter/device.c:579:ChatpadTraceDeviceEvent","false",""
"2","1803","OBJECT_SNAPSHOT_INCONSISTENT","invariant","src/driver/ChatpadKmdfRequestOwnerContext/ChatpadKmdfRequestOwnerContext.c","ChatpadKmdfRequestOwnerRollbackPartialCreation","1521","ChatpadKmdfTraceOwnerEvent( owner, TRACE_LEVEL_ERROR, CHATPAD_TRACE_INVARIANT, CHATPAD_RUNTIME_EVENT_OBJECT_SNAPSHOT_INCONSISTENT, STATUS_INVALID_DEVICE_STATE, (ULONG)state, effects->PriorInitializationMask, effects->ResultingInitializationMask)","09475BA8149AC09CD101E7CFAAD289DBC44BBC81D6700DFA53F0AFE7928C5248","helper-mediated","ChatpadKmdfTraceOwnerEvent","ChatpadKmdfTraceOwnerEvent>ChatpadTrace","src/driver/ChatpadKmdfRequestOwnerContext/ChatpadKmdfRequestOwnerContext.c","ChatpadKmdfTraceOwnerEvent","109","3EA71455B954055F52D7BB900C046EA7000BDE02F2209590C697DCC8A3BCD703","src/driver/ChatpadKmdfRequestOwnerContext/ChatpadKmdfRequestOwnerContext.c:1521:ChatpadKmdfTraceOwnerEvent","false",""
"2","1804","COUNTER_OVERFLOW","invariant","src/driver/ChatpadFilter/device.c","ChatpadRuntimeIncrementProhibitedCounter","328","ChatpadTraceDeviceEvent( context, TRACE_LEVEL_ERROR, CHATPAD_TRACE_INVARIANT, CHATPAD_RUNTIME_EVENT_COUNTER_OVERFLOW, STATUS_INTEGER_OVERFLOW, 0u, (ULONG)counterKind, (ULONG)current)","7EC8CE6E9DB6545B2E162E51D31303B8AE54DE2D22C9994391AFFF40E8C6DDFC","helper-mediated","ChatpadTraceDeviceEvent","ChatpadTraceDeviceEvent>ChatpadTrace","src/driver/ChatpadFilter/device.c","ChatpadTraceDeviceEvent","82","B1F9071E2CCA7D52275E1FE9FC3615A41403CB640487CF54D41D821AC936C866","src/driver/ChatpadFilter/device.c:328:ChatpadTraceDeviceEvent","false",""
"2","1805","TRACE_SCHEMA_VERSION_MISMATCH","invariant","src/driver/ChatpadFilter/device.c","ChatpadEvtDeviceContextCleanup","1395","ChatpadTraceDeviceEvent( context, TRACE_LEVEL_ERROR, CHATPAD_TRACE_INVARIANT, CHATPAD_RUNTIME_EVENT_TRACE_SCHEMA_VERSION_MISMATCH, STATUS_INVALID_DEVICE_STATE, 0u, context->RuntimeTraceSchemaVersion, CHATPAD_RUNTIME_TRACE_SCHEMA_VERSION)","89240B77718454A77395DE19D1B8D1085DB8061413FE8D6F0B611C8BBBC46249","helper-mediated","ChatpadTraceDeviceEvent","ChatpadTraceDeviceEvent>ChatpadTrace","src/driver/ChatpadFilter/device.c","ChatpadTraceDeviceEvent","82","B1F9071E2CCA7D52275E1FE9FC3615A41403CB640487CF54D41D821AC936C866","src/driver/ChatpadFilter/device.c:1395:ChatpadTraceDeviceEvent","false",""
"2","1900","DEVICE_ADD_SUCCESS","terminal","src/driver/ChatpadFilter/device.c","ChatpadTraceDeviceTerminal","469","ChatpadTraceDeviceSnapshot( context, TRACE_LEVEL_INFORMATION, CHATPAD_TRACE_TERMINAL, NT_SUCCESS(status) ? CHATPAD_RUNTIME_EVENT_DEVICE_ADD_SUCCESS : CHATPAD_RUNTIME_EVENT_DEVICE_ADD_FAILURE, status, NT_SUCCESS(status) ? 1u : 0u)","0173F80F39F55E07C1B673D524276F21B17ED9CBC330A0469D5B4BE65C97DFF2","helper-mediated","ChatpadTraceDeviceSnapshot","ChatpadTraceDeviceSnapshot>ChatpadTrace","src/driver/ChatpadFilter/device.c","ChatpadTraceDeviceSnapshot","180","EA07E9C1E374B8AB5C677F4571A8058F8B17C99D3DBE34D7C5165610F72A1061","src/driver/ChatpadFilter/device.c:469:ChatpadTraceDeviceSnapshot","true",""
"2","1901","DEVICE_ADD_FAILURE","terminal","src/driver/ChatpadFilter/device.c","ChatpadTraceDeviceTerminal","469","ChatpadTraceDeviceSnapshot( context, TRACE_LEVEL_INFORMATION, CHATPAD_TRACE_TERMINAL, NT_SUCCESS(status) ? CHATPAD_RUNTIME_EVENT_DEVICE_ADD_SUCCESS : CHATPAD_RUNTIME_EVENT_DEVICE_ADD_FAILURE, status, NT_SUCCESS(status) ? 1u : 0u)","0173F80F39F55E07C1B673D524276F21B17ED9CBC330A0469D5B4BE65C97DFF2","helper-mediated","ChatpadTraceDeviceSnapshot","ChatpadTraceDeviceSnapshot>ChatpadTrace","src/driver/ChatpadFilter/device.c","ChatpadTraceDeviceSnapshot","180","EA07E9C1E374B8AB5C677F4571A8058F8B17C99D3DBE34D7C5165610F72A1061","src/driver/ChatpadFilter/device.c:469:ChatpadTraceDeviceSnapshot","true",""
"2","1902","DEVICE_ADD_FINAL_SUMMARY","terminal","src/driver/ChatpadFilter/device.c","ChatpadTraceDeviceTerminal","479","ChatpadTraceDeviceSnapshot( context, TRACE_LEVEL_INFORMATION, CHATPAD_TRACE_TERMINAL, CHATPAD_RUNTIME_EVENT_DEVICE_ADD_FINAL_SUMMARY, status, NT_SUCCESS(status) ? 1u : 0u)","BFCCEAD40DC2144ACA41BF12909AAFC58BA31B63629AAC679058A80274ADC2AE","helper-mediated","ChatpadTraceDeviceSnapshot","ChatpadTraceDeviceSnapshot>ChatpadTrace","src/driver/ChatpadFilter/device.c","ChatpadTraceDeviceSnapshot","180","EA07E9C1E374B8AB5C677F4571A8058F8B17C99D3DBE34D7C5165610F72A1061","src/driver/ChatpadFilter/device.c:479:ChatpadTraceDeviceSnapshot","false",""
"2","1902","DEVICE_ADD_FINAL_SUMMARY","terminal","src/driver/ChatpadFilter/device.c","ChatpadTracePreContextTerminal","528","ChatpadTrace(TRACE_LEVEL_INFORMATION, CHATPAD_TRACE_TERMINAL, ""EventId=%lu EventName=%s AttemptId=%I64u Sequence=%I64u SchemaVersion=%lu StatusClass=%lu NtStatus=0x%08X Stage=%lu Data0=%lu Data1=%lu"", (ULONG)CHATPAD_RUNTIME_EVENT_DEVICE_ADD_FINAL_SUMMARY, ChatpadRuntimeTraceEventName(CHATPAD_RUNTIME_EVENT_DEVICE_ADD_FINAL_SUMMARY), (unsigned long long)attempt->AttemptId, (unsigned long long)sequence, CHATPAD_RUNTIME_TRACE_SCHEMA_VERSION, (ULONG)statusClass, (ULONG)status, 0u, (ULONG)statusClass, 0u)","54D687AB1257429063062D04F19EBC50AE533B813ABC657381EB57D0BF0530B1","direct-wpp","ChatpadTrace","ChatpadTrace","src/driver/ChatpadFilter/device.c","ChatpadTracePreContextTerminal","528","54D687AB1257429063062D04F19EBC50AE533B813ABC657381EB57D0BF0530B1","src/driver/ChatpadFilter/device.c:528:ChatpadTrace","false",""
"2","1903","DEVICE_ADD_RETURNED_STATUS","terminal","src/driver/ChatpadFilter/device.c","ChatpadTraceDeviceTerminal","486","ChatpadTraceDeviceEvent( context, TRACE_LEVEL_INFORMATION, CHATPAD_TRACE_TERMINAL, CHATPAD_RUNTIME_EVENT_DEVICE_ADD_RETURNED_STATUS, status, 0u, (ULONG)ChatpadRuntimeClassifyStatus(status), 0u)","95D8B701E50890FB58FB0F1C7B60E787D6C65C7E25932ED9217572FA509BA518","helper-mediated","ChatpadTraceDeviceEvent","ChatpadTraceDeviceEvent>ChatpadTrace","src/driver/ChatpadFilter/device.c","ChatpadTraceDeviceEvent","89","7A2B421CE2A76A3E2503D820F833FB202557AB8A01DE43417EAA8733E1F8BF1D","src/driver/ChatpadFilter/device.c:486:ChatpadTraceDeviceEvent","false",""
"2","1903","DEVICE_ADD_RETURNED_STATUS","terminal","src/driver/ChatpadFilter/device.c","ChatpadTracePreContextTerminal","536","ChatpadTrace(TRACE_LEVEL_INFORMATION, CHATPAD_TRACE_TERMINAL, ""EventId=%lu EventName=%s AttemptId=%I64u Sequence=%I64u SchemaVersion=%lu StatusClass=%lu NtStatus=0x%08X Stage=%lu Data0=%lu Data1=%lu"", (ULONG)CHATPAD_RUNTIME_EVENT_DEVICE_ADD_RETURNED_STATUS, ChatpadRuntimeTraceEventName(CHATPAD_RUNTIME_EVENT_DEVICE_ADD_RETURNED_STATUS), (unsigned long long)attempt->AttemptId, (unsigned long long)sequence, CHATPAD_RUNTIME_TRACE_SCHEMA_VERSION, (ULONG)statusClass, (ULONG)status, 0u, (ULONG)statusClass, 0u)","873E32B8E1E6D01D5D613420F3562C59661C74068BC5210CD752AF8088B5E2C0","direct-wpp","ChatpadTrace","ChatpadTrace","src/driver/ChatpadFilter/device.c","ChatpadTracePreContextTerminal","536","873E32B8E1E6D01D5D613420F3562C59661C74068BC5210CD752AF8088B5E2C0","src/driver/ChatpadFilter/device.c:536:ChatpadTrace","false",""
